run,boot,x_s,gui_s,mon0_mac,snd0_mac,map,port_units,gui_sudo_tty1
1,2026-09-27 01:15:10,31,36,00:e0:4c:68:02:01,00:e0:4c:68:02:23,OK,success/success,0
2,2026-09-27 01:16:17,31,36,00:e0:4c:68:02:01,00:e0:4c:68:02:23,OK,success/success,0
3,2026-09-27 01:17:26,31,36,00:e0:4c:68:02:01,00:e0:4c:68:02:23,OK,success/success,0
4,2026-09-27 01:18:38,31,36,00:e0:4c:68:02:01,00:e0:4c:68:02:23,OK,success/success,0
5,2026-09-27 01:19:44,31,36,00:e0:4c:68:02:01,00:e0:4c:68:02:23,OK,success/success,0
6,2026-09-27 01:20:51,31,36,00:e0:4c:68:02:01,00:e0:4c:68:02:23,OK,success/success,0
7,2026-09-27 01:21:57,31,36,00:e0:4c:68:02:01,00:e0:4c:68:02:23,OK,success/success,0
8,2026-09-27 01:23:04,31,36,00:e0:4c:68:02:01,00:e0:4c:68:02:23,OK,success/success,0
9,2026-09-27 01:24:22,31,36,00:e0:4c:68:02:01,00:e0:4c:68:02:23,OK,success/success,0
10,2026-09-27 01:25:28,31,36,00:e0:4c:68:02:01,00:e0:4c:68:02:23,OK,success/success,0
DONE
