# 27.09.2026 sniff_stats.py capture limit on the loop snd0 -> mon0, iperf3 UDP over link-local; capture on mon0, GRO/GSO/TSO off; separator ;
run;streams;rate_mbit;len_B;iperf_sent;iperf_lost;captured_udp;tcpdump_dropped;capture_loss_pct;pps;cpu_python;cpu_tcpdump;cpu_total_busy;temp_start;temp_end;throttled
A;1;50;1000;125007;0;125009;0;0.00;6249;29.91;3.07;19.8;51.0;51.5;0x0
A;1;100;1000;250004;0;250006;0;0.00;12499;63.43;6.64;40.9;51.5;53.7;0x0
A;1;125;1000;312502;13;312504;0;-0.00;15624;79.16;8.35;43.1;52.6;53.7;0x0
A;1;150;1000;361952;4;361954;0;-0.00;18092;86.51;9.64;41.0;53.2;53.7;0x0
A;1;200;1000;361644;0;361646;0;0.00;18076;86.21;9.57;41.2;53.7;54.8;0x0
A;1;250;1000;361683;36;361685;0;-0.01;18078;86.65;9.42;40.9;53.7;54.8;0x0
B;3;150;1000;372099;11793;360307;0;0.00;18598;89.29;10.06;45.1;50.5;52.6;0x0
B;3;200;1000;368948;8730;360219;0;0.00;18441;89.36;10.07;45.4;52.1;53.7;0x0
B;3;250;1000;372288;11794;360494;0;0.00;18606;89.14;9.79;44.4;53.2;54.2;0x0
B;3;300;1000;368947;9084;359867;0;-0.00;18441;89.58;9.99;45.6;53.7;54.8;0x0
C;3;30;100;750004;0;402315;347708;46.36;37496;99.00;5.64;69.3;53.2;56.4;0x80000
D;3;12;100;300003;0;300009;0;-0.00;14999;58.00;3.86;28.6;52.1;54.2;0x80000
D;3;14;100;300006;0;300012;0;-0.00;14998;58.00;3.93;36.4;52.1;53.7;0x80000
D;3;16;100;375006;0;375012;0;-0.00;18748;77.59;4.93;59.3;51.5;53.7;0x80000
D;3;18;100;450003;0;450009;0;-0.00;22498;96.50;6.21;61.9;52.1;54.8;0x80000
D;3;20;100;450006;0;450012;0;-0.00;22494;96.93;6.07;59.2;49.4;53.2;0x80000
D;3;21;100;525011;0;462949;62068;11.82;26247;99.14;6.00;62.2;48.3;53.7;0x80000
D;3;24;100;600002;0;430873;169135;28.19;29996;98.86;5.78;75.7;51.0;53.7;0x80000
D;3;27;100;675004;0;425035;249975;37.03;33746;99.14;5.71;72.4;51.5;54.8;0x80000
