t_mono_s,v_bus,i,p
# start 2026-09-25T19:46:02 mono=606.1 interval=10.0 threshold=9.6 count=3
606.5,12.425,0.010,0.13
616.5,12.432,0.041,0.51
626.5,12.432,0.042,0.52
636.5,12.428,0.026,0.32
646.5,12.432,0.038,0.48
656.5,12.429,0.030,0.37
666.5,12.431,0.037,0.46
676.5,12.431,0.038,0.47
686.5,12.432,0.039,0.49
696.5,12.430,0.035,0.43
706.5,12.329,-0.363,-4.47
716.5,12.321,-0.365,-4.49
726.5,12.315,-0.358,-4.41
736.5,12.310,-0.365,-4.49
746.5,12.310,-0.347,-4.27
756.5,12.305,-0.348,-4.28
766.5,12.303,-0.346,-4.25
776.5,12.291,-0.378,-4.65
786.5,12.296,-0.347,-4.27
796.5,12.289,-0.365,-4.49
806.5,12.291,-0.350,-4.30
816.5,12.288,-0.345,-4.24
826.5,12.285,-0.352,-4.32
836.5,12.279,-0.366,-4.49
846.5,12.281,-0.348,-4.27
856.5,12.275,-0.368,-4.51
866.5,12.273,-0.368,-4.52
876.5,12.276,-0.349,-4.28
886.5,12.273,-0.348,-4.27
896.5,12.268,-0.365,-4.48
906.5,12.270,-0.348,-4.27
916.5,12.269,-0.346,-4.25
926.5,12.267,-0.347,-4.25
936.5,12.265,-0.348,-4.27
946.5,12.264,-0.347,-4.25
956.5,12.257,-0.369,-4.53
966.5,12.260,-0.353,-4.32
976.5,12.255,-0.369,-4.52
986.5,12.252,-0.366,-4.48
996.5,12.256,-0.348,-4.27
1006.5,12.254,-0.349,-4.27
1016.5,12.249,-0.365,-4.48
1026.5,12.247,-0.368,-4.51
1036.5,12.246,-0.367,-4.50
1046.5,12.248,-0.351,-4.29
1056.5,12.242,-0.368,-4.51
1066.5,12.245,-0.358,-4.38
1076.5,12.240,-0.368,-4.50
1086.5,12.243,-0.349,-4.28
1096.5,12.242,-0.347,-4.25
1106.5,12.242,-0.348,-4.26
1116.5,12.237,-0.366,-4.48
1126.5,12.239,-0.351,-4.29
1136.5,12.239,-0.347,-4.24
1146.5,12.237,-0.346,-4.23
1156.5,12.236,-0.349,-4.27
1166.5,12.237,-0.348,-4.26
1176.5,12.230,-0.368,-4.50
1186.5,12.233,-0.351,-4.29
1196.5,12.228,-0.369,-4.52
1206.5,12.228,-0.367,-4.49
1216.5,12.230,-0.350,-4.28
1226.5,12.225,-0.366,-4.47
1236.5,12.229,-0.345,-4.22
1246.5,12.229,-0.349,-4.27
1256.5,12.223,-0.367,-4.48
1266.5,12.225,-0.353,-4.31
1276.5,12.221,-0.369,-4.51
1286.5,12.224,-0.346,-4.23
1296.5,12.222,-0.349,-4.26
1306.5,12.222,-0.349,-4.27
1316.5,12.218,-0.369,-4.51
1326.5,12.217,-0.363,-4.44
1336.5,12.215,-0.368,-4.49
1346.5,12.215,-0.363,-4.44
1356.5,12.218,-0.350,-4.27
1366.5,12.212,-0.368,-4.49
1376.5,12.211,-0.370,-4.51
1386.5,12.215,-0.347,-4.23
1396.5,12.214,-0.346,-4.23
1406.5,12.210,-0.366,-4.47
1416.5,12.214,-0.347,-4.23
1426.5,12.212,-0.352,-4.30
1436.5,12.208,-0.366,-4.47
1446.5,12.210,-0.351,-4.28
1456.5,12.205,-0.369,-4.51
1466.5,12.210,-0.352,-4.30
1476.5,12.209,-0.347,-4.23
1486.5,12.208,-0.349,-4.26
1496.5,12.203,-0.369,-4.50
1506.5,12.208,-0.349,-4.26
1516.5,12.206,-0.350,-4.27
1526.5,12.202,-0.370,-4.51
1536.5,12.205,-0.349,-4.25
1546.5,12.205,-0.346,-4.22
1556.5,12.199,-0.369,-4.51
1566.5,12.203,-0.347,-4.23
1576.5,12.203,-0.350,-4.28
1586.5,12.202,-0.347,-4.23
1596.5,12.201,-0.348,-4.24
1606.5,12.196,-0.371,-4.52
1616.5,12.196,-0.368,-4.49
1626.5,12.198,-0.354,-4.31
1636.5,12.199,-0.347,-4.23
1646.5,12.194,-0.369,-4.49
1656.5,12.198,-0.349,-4.26
1666.5,12.193,-0.367,-4.47
1676.5,12.192,-0.370,-4.51
1686.5,12.191,-0.369,-4.50
1696.5,12.195,-0.349,-4.25
1706.5,12.193,-0.348,-4.25
1716.5,12.195,-0.346,-4.22
1726.5,12.193,-0.349,-4.25
1736.5,12.187,-0.370,-4.51
1746.5,12.188,-0.367,-4.48
1756.5,12.191,-0.346,-4.22
1766.5,12.191,-0.349,-4.25
1776.5,12.189,-0.350,-4.26
1786.5,12.203,-0.288,-3.52
1796.5,12.190,-0.352,-4.30
1806.5,12.189,-0.349,-4.26
1816.5,12.193,-0.336,-4.10
1826.5,12.191,-0.330,-4.03
1836.5,12.188,-0.352,-4.28
1846.5,12.191,-0.335,-4.08
1856.5,12.187,-0.352,-4.29
1866.5,12.187,-0.351,-4.27
1876.5,12.190,-0.332,-4.04
1886.5,12.188,-0.335,-4.09
1896.5,12.189,-0.331,-4.03
1906.5,12.193,-0.310,-3.78
1916.5,12.180,-0.367,-4.47
1926.5,12.178,-0.369,-4.50
1936.5,12.183,-0.349,-4.25
1946.5,12.182,-0.347,-4.23
1956.5,12.178,-0.369,-4.49
1966.5,12.181,-0.350,-4.27
1976.5,12.176,-0.370,-4.51
1986.5,12.180,-0.347,-4.23
1996.5,12.176,-0.370,-4.51
2006.5,12.176,-0.369,-4.50
2016.5,12.179,-0.347,-4.23
2026.5,12.178,-0.350,-4.26
2036.5,12.173,-0.368,-4.48
2046.5,12.177,-0.351,-4.27
2056.5,12.178,-0.347,-4.22
2066.5,12.172,-0.369,-4.49
2076.5,12.172,-0.367,-4.47
2086.5,12.176,-0.348,-4.23
2096.5,12.171,-0.369,-4.49
2106.5,12.170,-0.372,-4.53
2116.5,12.174,-0.350,-4.26
2126.5,12.173,-0.349,-4.25
2136.5,12.174,-0.348,-4.23
2146.5,12.173,-0.351,-4.28
2156.5,12.169,-0.368,-4.47
2166.5,12.172,-0.348,-4.24
2176.5,12.172,-0.350,-4.26
2186.5,12.168,-0.370,-4.50
2196.5,12.171,-0.348,-4.23
2206.5,12.167,-0.368,-4.47
2216.5,12.167,-0.372,-4.52
2226.5,12.170,-0.348,-4.23
2236.5,12.169,-0.348,-4.23
2246.5,12.170,-0.349,-4.24
2256.5,12.169,-0.351,-4.27
2266.5,12.169,-0.347,-4.22
2276.5,12.164,-0.370,-4.50
2286.5,12.166,-0.351,-4.27
2296.5,12.168,-0.348,-4.23
2306.5,12.163,-0.367,-4.47
2316.5,12.165,-0.357,-4.35
2326.5,12.167,-0.350,-4.26
2336.5,12.162,-0.368,-4.47
2346.5,12.166,-0.352,-4.29
2356.5,12.166,-0.348,-4.24
2366.5,12.164,-0.350,-4.26
2376.5,12.160,-0.369,-4.49
2386.5,12.164,-0.347,-4.22
2396.5,12.160,-0.370,-4.50
2406.5,12.164,-0.347,-4.22
2416.5,12.163,-0.348,-4.23
2426.5,12.163,-0.348,-4.24
2436.5,12.159,-0.367,-4.46
2446.5,12.158,-0.369,-4.49
2456.5,12.157,-0.366,-4.45
2466.5,12.161,-0.350,-4.26
2476.5,12.161,-0.351,-4.27
2486.5,12.156,-0.366,-4.46
2496.5,12.161,-0.354,-4.30
2506.5,12.160,-0.350,-4.26
2516.5,12.169,-0.311,-3.79
2526.5,12.161,-0.351,-4.27
2536.5,12.161,-0.344,-4.18
2546.5,12.160,-0.354,-4.31
2556.5,12.158,-0.355,-4.32
2566.5,12.159,-0.351,-4.27
2576.5,12.159,-0.354,-4.31
2586.5,12.163,-0.332,-4.03
2596.5,12.162,-0.334,-4.06
2606.5,12.162,-0.336,-4.09
2616.5,12.162,-0.333,-4.05
2626.5,12.158,-0.355,-4.32
2636.5,12.157,-0.350,-4.26
2646.5,12.160,-0.333,-4.05
2656.5,12.160,-0.336,-4.08
2666.5,12.162,-0.334,-4.06
2676.5,12.156,-0.351,-4.27
2686.5,12.156,-0.350,-4.25
2696.5,12.155,-0.352,-4.28
2706.5,12.159,-0.331,-4.02
2716.5,12.159,-0.334,-4.06
2726.5,12.159,-0.335,-4.07
2736.5,12.158,-0.330,-4.01
2746.5,12.158,-0.333,-4.05
2756.5,12.155,-0.353,-4.29
2766.5,12.158,-0.333,-4.05
2776.5,12.157,-0.333,-4.04
2786.5,12.155,-0.348,-4.23
2796.5,12.157,-0.335,-4.08
2806.5,12.157,-0.331,-4.02
2816.5,12.153,-0.351,-4.26
2826.5,12.152,-0.355,-4.31
2836.5,12.156,-0.335,-4.07
2846.5,12.156,-0.333,-4.05
2856.5,12.155,-0.333,-4.04
2866.5,12.155,-0.335,-4.07
2876.5,12.151,-0.351,-4.26
2886.5,12.154,-0.333,-4.04
2896.5,12.155,-0.332,-4.03
2906.5,12.154,-0.337,-4.10
2916.5,12.151,-0.352,-4.28
2926.5,12.154,-0.335,-4.07
2936.5,12.149,-0.351,-4.26
2946.5,12.152,-0.334,-4.06
2956.5,12.150,-0.344,-4.18
2966.5,12.150,-0.345,-4.20
2976.5,12.152,-0.335,-4.07
2986.5,12.152,-0.331,-4.02
2996.5,12.148,-0.353,-4.28
3006.5,12.148,-0.351,-4.27
3016.5,12.152,-0.338,-4.10
3026.5,12.152,-0.332,-4.04
3036.5,12.152,-0.334,-4.06
3046.5,12.151,-0.333,-4.04
3056.5,12.146,-0.349,-4.23
3066.5,12.150,-0.333,-4.05
3076.5,12.151,-0.332,-4.04
3086.5,12.149,-0.336,-4.08
3096.5,12.150,-0.331,-4.03
3106.5,12.149,-0.331,-4.02
3116.5,12.145,-0.350,-4.25
3126.5,12.146,-0.348,-4.23
3136.5,12.146,-0.342,-4.15
3146.5,12.149,-0.335,-4.07
3156.5,12.148,-0.336,-4.08
3166.5,12.148,-0.333,-4.04
3176.5,12.144,-0.352,-4.27
3186.5,12.144,-0.352,-4.28
3196.5,12.143,-0.355,-4.31
3206.5,12.143,-0.353,-4.28
3216.5,12.142,-0.353,-4.28
3226.5,12.147,-0.332,-4.03
3236.5,12.142,-0.349,-4.24
3246.5,12.146,-0.331,-4.02
3256.5,12.146,-0.332,-4.03
3266.5,12.145,-0.334,-4.06
3276.5,12.145,-0.333,-4.04
3286.5,12.145,-0.333,-4.04
3296.5,12.141,-0.352,-4.28
3306.5,12.145,-0.334,-4.05
3316.5,12.144,-0.334,-4.05
3326.5,12.144,-0.331,-4.02
3336.5,12.143,-0.331,-4.02
3346.5,12.139,-0.352,-4.27
3356.5,12.140,-0.351,-4.26
3366.5,12.143,-0.332,-4.04
3376.5,12.143,-0.339,-4.12
3386.5,12.139,-0.353,-4.28
3396.5,12.143,-0.335,-4.06
3406.5,12.143,-0.334,-4.05
3416.5,12.139,-0.354,-4.30
3426.5,12.142,-0.333,-4.05
3436.5,12.141,-0.333,-4.04
3446.5,12.140,-0.333,-4.04
3456.5,12.137,-0.350,-4.25
3466.5,12.140,-0.332,-4.03
3476.5,12.136,-0.354,-4.30
3486.5,12.135,-0.351,-4.26
3496.5,12.136,-0.352,-4.27
3506.5,12.140,-0.336,-4.07
3516.5,12.140,-0.332,-4.04
3526.5,12.139,-0.337,-4.09
3536.5,12.135,-0.352,-4.27
3546.5,12.139,-0.334,-4.05
3556.5,12.139,-0.331,-4.02
3566.5,12.138,-0.335,-4.07
3576.5,12.134,-0.352,-4.27
3586.5,12.138,-0.333,-4.04
3596.5,12.133,-0.353,-4.29
3606.5,12.137,-0.339,-4.12
3616.5,12.133,-0.352,-4.27
3626.5,12.133,-0.354,-4.29
3636.5,12.133,-0.352,-4.27
3646.5,12.138,-0.333,-4.04
3656.5,12.132,-0.351,-4.26
3666.5,12.135,-0.333,-4.04
3676.5,12.131,-0.354,-4.30
3686.5,12.136,-0.333,-4.04
3696.5,12.131,-0.352,-4.27
3706.5,12.131,-0.350,-4.25
3716.5,12.126,-0.368,-4.46
3726.5,12.125,-0.368,-4.46
3736.5,12.124,-0.370,-4.48
3746.5,12.129,-0.355,-4.31
3756.5,12.125,-0.370,-4.49
3766.5,12.124,-0.370,-4.49
3776.5,12.123,-0.369,-4.48
3786.5,12.125,-0.369,-4.48
3796.5,12.129,-0.349,-4.23
3806.5,12.127,-0.350,-4.24
3816.5,12.124,-0.362,-4.39
3826.5,12.123,-0.368,-4.47
3836.5,12.122,-0.372,-4.51
3846.5,12.126,-0.348,-4.22
3856.5,12.126,-0.354,-4.29
3866.5,12.122,-0.374,-4.54
3876.5,12.125,-0.357,-4.33
3886.5,12.120,-0.369,-4.47
3896.5,12.120,-0.368,-4.46
3906.5,12.121,-0.368,-4.46
3916.5,12.120,-0.368,-4.46
3926.5,12.124,-0.350,-4.24
3936.5,12.122,-0.350,-4.24
3946.5,12.124,-0.350,-4.25
3956.5,12.119,-0.371,-4.49
3966.5,12.119,-0.371,-4.49
3976.5,12.122,-0.352,-4.27
3986.5,12.123,-0.349,-4.23
3996.5,12.119,-0.368,-4.46
4006.5,12.118,-0.367,-4.45
4016.5,12.118,-0.368,-4.46
4026.5,12.120,-0.351,-4.25
4036.5,12.121,-0.355,-4.30
4046.5,12.120,-0.351,-4.25
4056.5,12.116,-0.372,-4.51
4066.5,12.120,-0.352,-4.27
4076.5,12.116,-0.370,-4.48
4086.5,12.116,-0.366,-4.44
4096.5,12.119,-0.351,-4.26
4106.5,12.119,-0.348,-4.22
4116.5,12.119,-0.354,-4.28
4126.5,12.117,-0.354,-4.29
4136.5,12.113,-0.369,-4.47
4146.5,12.114,-0.372,-4.50
4156.5,12.117,-0.350,-4.24
4166.5,12.116,-0.355,-4.30
4176.5,12.117,-0.352,-4.26
4186.5,12.115,-0.351,-4.25
4196.5,12.112,-0.367,-4.45
4206.5,12.111,-0.371,-4.49
4216.5,12.110,-0.368,-4.46
4226.5,12.111,-0.368,-4.45
4236.5,12.110,-0.372,-4.51
4246.5,12.110,-0.370,-4.48
4256.5,12.110,-0.371,-4.50
4266.5,12.109,-0.370,-4.48
4276.5,12.109,-0.374,-4.52
4286.5,12.108,-0.370,-4.48
4296.5,12.116,-0.338,-4.09
4306.5,12.113,-0.352,-4.27
4316.5,12.112,-0.354,-4.28
4326.5,12.116,-0.332,-4.02
4336.5,12.114,-0.343,-4.16
4346.5,12.115,-0.335,-4.06
4356.5,12.115,-0.333,-4.04
4366.5,12.116,-0.335,-4.06
4376.5,12.111,-0.349,-4.23
4386.5,12.110,-0.352,-4.26
4396.5,12.110,-0.354,-4.28
4406.5,12.113,-0.340,-4.12
4416.5,12.113,-0.334,-4.05
4426.5,12.113,-0.334,-4.04
4436.5,12.110,-0.350,-4.24
4446.5,12.112,-0.336,-4.07
4456.5,12.112,-0.333,-4.03
4466.5,12.112,-0.335,-4.05
4476.5,12.112,-0.337,-4.08
4486.5,12.111,-0.335,-4.05
4496.5,12.107,-0.347,-4.20
4506.5,12.110,-0.335,-4.06
4516.5,12.105,-0.353,-4.28
4526.5,12.108,-0.335,-4.06
4536.5,12.108,-0.336,-4.07
4546.5,12.105,-0.353,-4.27
4556.5,12.103,-0.352,-4.26
4566.5,12.107,-0.334,-4.04
4576.5,12.106,-0.333,-4.03
4586.5,12.101,-0.352,-4.26
4596.5,12.102,-0.353,-4.27
4606.5,12.106,-0.333,-4.03
4616.5,12.103,-0.344,-4.17
4626.5,12.104,-0.340,-4.11
4636.5,12.101,-0.347,-4.19
4646.5,12.103,-0.333,-4.03
4656.5,12.103,-0.335,-4.05
4666.5,12.100,-0.353,-4.27
4676.5,12.101,-0.344,-4.16
4686.5,12.103,-0.336,-4.06
4696.5,12.102,-0.337,-4.08
4706.5,12.101,-0.335,-4.06
4716.5,12.100,-0.332,-4.01
4726.5,12.100,-0.331,-4.01
4736.5,12.098,-0.345,-4.17
4746.5,12.100,-0.333,-4.03
4756.5,12.099,-0.334,-4.05
4766.5,12.098,-0.334,-4.04
4776.5,12.094,-0.354,-4.28
4786.5,12.098,-0.334,-4.04
4796.5,12.094,-0.344,-4.16
4806.5,12.097,-0.336,-4.06
4816.5,12.095,-0.337,-4.08
4826.5,12.096,-0.333,-4.03
4836.5,12.095,-0.336,-4.07
4846.5,12.094,-0.335,-4.05
4856.5,12.093,-0.343,-4.15
4866.5,12.094,-0.333,-4.03
4876.5,12.089,-0.353,-4.26
4886.5,12.092,-0.338,-4.09
4896.5,12.092,-0.333,-4.02
4906.5,12.089,-0.344,-4.16
4916.5,12.088,-0.343,-4.14
4926.5,12.086,-0.353,-4.27
4936.5,12.090,-0.336,-4.06
4946.5,12.089,-0.333,-4.02
4956.5,12.088,-0.334,-4.04
4966.5,12.084,-0.353,-4.27
4976.5,12.086,-0.344,-4.15
4986.5,12.086,-0.333,-4.03
4996.5,12.085,-0.337,-4.07
5006.5,12.082,-0.353,-4.27
5016.5,12.081,-0.354,-4.27
5026.5,12.081,-0.352,-4.26
5036.5,12.081,-0.345,-4.16
5046.5,12.084,-0.333,-4.03
5056.5,12.082,-0.343,-4.15
5066.5,12.082,-0.336,-4.06
5076.5,12.079,-0.352,-4.26
5086.5,12.081,-0.333,-4.03
5096.5,12.079,-0.340,-4.10
5106.5,12.079,-0.337,-4.07
5116.5,12.079,-0.333,-4.02
5126.5,12.075,-0.342,-4.13
5136.5,12.077,-0.335,-4.04
5146.5,12.073,-0.353,-4.26
5156.5,12.075,-0.335,-4.04
5166.5,12.075,-0.333,-4.02
5176.5,12.074,-0.338,-4.08
5186.5,12.071,-0.355,-4.28
5196.5,12.073,-0.337,-4.07
5206.5,12.069,-0.356,-4.30
5216.5,12.068,-0.353,-4.26
5226.5,12.068,-0.350,-4.22
5236.5,12.071,-0.334,-4.03
5246.5,12.070,-0.333,-4.02
5256.5,12.069,-0.337,-4.07
5266.5,12.065,-0.355,-4.28
5276.5,12.066,-0.348,-4.19
5286.5,12.063,-0.356,-4.30
5296.5,12.062,-0.356,-4.29
5306.5,12.062,-0.353,-4.26
5316.5,12.064,-0.333,-4.02
5326.5,12.059,-0.353,-4.25
5336.5,12.063,-0.334,-4.03
5346.5,12.058,-0.354,-4.27
5356.5,12.062,-0.335,-4.04
5366.5,12.060,-0.335,-4.04
5376.5,12.061,-0.334,-4.03
5386.5,12.060,-0.335,-4.04
5396.5,12.057,-0.339,-4.09
5406.5,12.054,-0.355,-4.28
5416.5,12.057,-0.337,-4.06
5426.5,12.053,-0.351,-4.23
5436.5,12.056,-0.336,-4.05
5446.5,12.055,-0.335,-4.04
5456.5,12.051,-0.358,-4.31
5466.5,12.053,-0.335,-4.04
5476.5,12.052,-0.336,-4.05
5486.5,12.051,-0.336,-4.05
5496.5,12.051,-0.337,-4.06
5506.5,12.050,-0.339,-4.08
5516.5,12.045,-0.355,-4.28
5526.5,12.045,-0.354,-4.27
5536.5,12.047,-0.336,-4.04
5546.5,12.046,-0.337,-4.06
5556.5,12.046,-0.336,-4.05
5566.5,12.045,-0.337,-4.05
5576.5,12.043,-0.338,-4.07
5586.5,12.043,-0.336,-4.04
5596.5,12.037,-0.352,-4.24
5606.5,12.041,-0.333,-4.01
5616.5,12.039,-0.340,-4.09
5626.5,12.040,-0.336,-4.05
5636.5,12.038,-0.337,-4.06
5646.5,12.038,-0.336,-4.05
5656.5,12.034,-0.353,-4.24
5666.5,12.036,-0.333,-4.00
5676.5,12.036,-0.336,-4.05
5686.5,12.031,-0.356,-4.28
5696.5,12.033,-0.336,-4.05
5706.5,12.027,-0.357,-4.29
5716.5,12.032,-0.337,-4.05
5726.5,12.030,-0.337,-4.05
5736.5,12.029,-0.337,-4.05
5746.5,12.028,-0.339,-4.08
5756.5,12.023,-0.353,-4.25
5766.5,12.026,-0.338,-4.06
5776.5,12.025,-0.336,-4.03
5786.5,12.021,-0.356,-4.28
5796.5,12.024,-0.335,-4.03
5806.5,12.023,-0.335,-4.03
5816.5,12.019,-0.347,-4.17
5826.5,12.022,-0.336,-4.04
5836.5,12.018,-0.337,-4.05
5846.5,12.016,-0.355,-4.27
5856.5,12.019,-0.337,-4.05
5866.5,12.017,-0.337,-4.05
5876.5,12.016,-0.337,-4.05
5886.5,12.011,-0.355,-4.27
5896.5,12.014,-0.340,-4.09
5906.5,12.013,-0.338,-4.06
5916.5,12.008,-0.353,-4.23
5926.5,12.012,-0.336,-4.03
5936.5,12.010,-0.335,-4.02
5946.5,12.006,-0.357,-4.29
5956.5,12.008,-0.337,-4.04
5966.5,12.008,-0.339,-4.07
5976.5,12.003,-0.356,-4.27
5986.5,12.005,-0.339,-4.07
5996.5,12.004,-0.335,-4.02
6006.5,12.003,-0.337,-4.04
6016.5,12.004,-0.338,-4.05
6026.5,12.002,-0.335,-4.02
6036.5,11.999,-0.344,-4.12
6046.5,12.001,-0.334,-4.01
6056.5,11.998,-0.341,-4.09
6066.5,11.995,-0.356,-4.27
6076.5,11.993,-0.356,-4.27
6086.5,11.997,-0.339,-4.07
6096.5,11.995,-0.339,-4.07
6106.5,11.995,-0.334,-4.01
6116.5,11.994,-0.337,-4.04
6126.5,11.992,-0.335,-4.01
6136.5,11.987,-0.351,-4.21
6146.5,11.991,-0.336,-4.03
6156.5,11.985,-0.353,-4.23
6166.5,11.985,-0.353,-4.23
6176.5,11.986,-0.339,-4.07
6186.5,11.986,-0.335,-4.02
6196.5,11.985,-0.339,-4.06
6206.5,11.983,-0.337,-4.04
6216.5,11.983,-0.337,-4.04
6226.5,11.978,-0.356,-4.26
6236.5,11.980,-0.336,-4.03
6246.5,11.975,-0.359,-4.30
6256.5,11.975,-0.354,-4.24
6266.5,11.974,-0.355,-4.25
6276.5,11.973,-0.359,-4.29
6286.5,11.971,-0.354,-4.24
6296.5,11.971,-0.356,-4.26
6306.5,11.970,-0.354,-4.24
6316.5,11.970,-0.344,-4.12
6326.5,11.972,-0.336,-4.03
6336.5,11.967,-0.355,-4.25
6346.5,11.969,-0.341,-4.08
6356.5,11.967,-0.339,-4.05
6366.5,11.968,-0.337,-4.04
6376.5,11.966,-0.339,-4.06
6386.5,11.965,-0.338,-4.05
6396.5,11.965,-0.337,-4.03
6406.5,11.960,-0.354,-4.23
6416.5,11.958,-0.357,-4.26
6426.5,11.961,-0.340,-4.06
6436.5,11.960,-0.339,-4.05
6446.5,11.959,-0.337,-4.02
6456.5,11.958,-0.339,-4.06
6466.5,11.957,-0.336,-4.02
6476.5,11.957,-0.337,-4.03
6486.5,11.955,-0.338,-4.04
6496.5,11.953,-0.338,-4.04
6506.5,11.954,-0.338,-4.04
6516.5,11.953,-0.337,-4.03
6526.5,11.951,-0.338,-4.04
6536.5,11.950,-0.339,-4.05
6546.5,11.948,-0.338,-4.03
6556.5,11.948,-0.337,-4.03
6566.5,11.943,-0.355,-4.25
6576.5,11.946,-0.337,-4.03
6586.5,11.944,-0.336,-4.02
6596.5,11.943,-0.337,-4.03
6606.5,11.939,-0.356,-4.25
6616.5,11.937,-0.356,-4.25
6626.5,11.936,-0.361,-4.31
6636.5,11.936,-0.357,-4.26
6646.5,11.938,-0.339,-4.05
6656.5,11.937,-0.335,-4.00
6666.5,11.933,-0.355,-4.24
6676.5,11.934,-0.338,-4.03
6686.5,11.933,-0.339,-4.05
6696.5,11.933,-0.337,-4.03
6706.5,11.931,-0.338,-4.04
6716.5,11.930,-0.339,-4.04
6726.5,11.925,-0.355,-4.23
6736.5,11.929,-0.338,-4.03
6746.5,11.927,-0.337,-4.02
6756.5,11.926,-0.342,-4.08
6766.5,11.919,-0.359,-4.27
6776.5,11.924,-0.339,-4.04
6786.5,11.922,-0.339,-4.04
6796.5,11.918,-0.358,-4.27
6806.5,11.917,-0.355,-4.23
6816.5,11.916,-0.363,-4.32
6826.5,11.918,-0.340,-4.06
6836.5,11.917,-0.338,-4.02
6846.5,11.916,-0.337,-4.02
6856.5,11.915,-0.338,-4.03
6866.5,11.914,-0.338,-4.03
6876.5,11.908,-0.358,-4.26
6886.5,11.911,-0.337,-4.01
6896.5,11.909,-0.342,-4.07
6906.5,11.904,-0.359,-4.27
6916.5,11.908,-0.339,-4.04
6926.5,11.907,-0.341,-4.05
6936.5,11.905,-0.342,-4.08
6946.5,11.904,-0.341,-4.06
6956.5,11.904,-0.339,-4.03
6966.5,11.902,-0.340,-4.05
6976.5,11.897,-0.358,-4.26
6986.5,11.897,-0.361,-4.30
6996.5,11.895,-0.357,-4.24
7006.5,11.895,-0.359,-4.26
7016.5,11.897,-0.338,-4.03
7026.5,11.895,-0.339,-4.03
7036.5,11.894,-0.339,-4.03
7046.5,11.893,-0.343,-4.08
7056.5,11.892,-0.337,-4.00
7066.5,11.887,-0.361,-4.29
7076.5,11.890,-0.341,-4.05
7086.5,11.889,-0.338,-4.02
7096.5,11.887,-0.339,-4.03
7106.5,11.886,-0.340,-4.04
7116.5,11.885,-0.340,-4.04
7126.5,11.881,-0.360,-4.28
7136.5,11.883,-0.337,-4.01
7146.5,11.878,-0.362,-4.30
7156.5,11.880,-0.340,-4.04
7166.5,11.880,-0.339,-4.03
7176.5,11.875,-0.357,-4.24
7186.5,11.876,-0.342,-4.07
7196.5,11.876,-0.340,-4.03
7206.5,11.871,-0.357,-4.24
7216.5,11.872,-0.346,-4.10
7226.5,11.869,-0.358,-4.24
7236.5,11.868,-0.355,-4.21
7246.5,11.870,-0.341,-4.05
7256.5,11.864,-0.360,-4.28
7266.5,11.867,-0.340,-4.04
7276.5,11.867,-0.339,-4.02
7286.5,11.864,-0.346,-4.10
7296.5,11.860,-0.359,-4.25
7306.5,11.863,-0.339,-4.02
7316.5,11.862,-0.344,-4.09
7326.5,11.861,-0.337,-4.00
7336.5,11.860,-0.342,-4.05
7346.5,11.861,-0.341,-4.04
7356.5,11.856,-0.358,-4.24
7366.5,11.855,-0.349,-4.14
7376.5,11.856,-0.344,-4.08
7386.5,11.850,-0.357,-4.23
7396.5,11.854,-0.341,-4.04
7406.5,11.851,-0.342,-4.05
7416.5,11.847,-0.361,-4.28
7426.5,11.845,-0.359,-4.25
7436.5,11.849,-0.340,-4.02
7446.5,11.844,-0.360,-4.26
7456.5,11.846,-0.337,-3.99
7466.5,11.845,-0.339,-4.01
7476.5,11.843,-0.349,-4.13
7486.5,11.843,-0.340,-4.03
7496.5,11.842,-0.339,-4.01
7506.5,11.837,-0.360,-4.27
7516.5,11.839,-0.344,-4.07
7526.5,11.838,-0.341,-4.04
7536.5,11.833,-0.361,-4.27
7546.5,11.833,-0.360,-4.26
7556.5,11.834,-0.342,-4.04
7566.5,11.835,-0.342,-4.04
7576.5,11.832,-0.338,-4.00
7586.5,11.832,-0.342,-4.04
7596.5,11.830,-0.341,-4.04
7606.5,11.830,-0.338,-3.99
7616.5,11.824,-0.360,-4.26
7626.5,11.827,-0.341,-4.03
7636.5,11.827,-0.341,-4.04
7646.5,11.826,-0.338,-4.00
7656.5,11.820,-0.363,-4.29
7666.5,11.821,-0.342,-4.04
7676.5,11.822,-0.340,-4.02
7686.5,11.820,-0.340,-4.02
7696.5,11.820,-0.342,-4.04
7706.5,11.815,-0.362,-4.28
7716.5,11.819,-0.338,-4.00
7726.5,11.815,-0.348,-4.12
7736.5,11.814,-0.349,-4.13
7746.5,11.815,-0.341,-4.03
7756.5,11.813,-0.344,-4.06
7766.5,11.808,-0.361,-4.26
7776.5,11.811,-0.343,-4.05
7786.5,11.810,-0.340,-4.02
7796.5,11.807,-0.358,-4.23
7806.5,11.804,-0.361,-4.27
7816.5,11.806,-0.344,-4.07
7826.5,11.806,-0.343,-4.05
7836.5,11.805,-0.344,-4.06
7846.5,11.804,-0.345,-4.07
7856.5,11.803,-0.339,-4.01
7866.5,11.803,-0.342,-4.03
7876.5,11.799,-0.349,-4.12
7886.5,11.799,-0.343,-4.05
7896.5,11.799,-0.340,-4.01
7906.5,11.793,-0.362,-4.27
7916.5,11.797,-0.342,-4.03
7926.5,11.795,-0.344,-4.05
7936.5,11.794,-0.341,-4.02
7946.5,11.789,-0.364,-4.29
7956.5,11.791,-0.343,-4.05
7966.5,11.786,-0.362,-4.26
7976.5,11.791,-0.341,-4.02
7986.5,11.789,-0.341,-4.02
7996.5,11.784,-0.361,-4.25
8006.5,11.783,-0.358,-4.21
8016.5,11.782,-0.359,-4.23
8026.5,11.781,-0.359,-4.23
8036.5,11.779,-0.363,-4.27
8046.5,11.778,-0.362,-4.26
8056.5,11.776,-0.361,-4.25
8066.5,11.775,-0.360,-4.24
8076.5,11.775,-0.357,-4.20
8086.5,11.774,-0.359,-4.23
8096.5,11.772,-0.359,-4.22
8106.5,11.771,-0.360,-4.24
8116.5,11.770,-0.361,-4.25
8126.5,11.768,-0.359,-4.22
8136.5,11.768,-0.365,-4.29
8146.5,11.766,-0.362,-4.26
8156.5,11.766,-0.357,-4.20
8166.5,11.763,-0.362,-4.26
8176.5,11.764,-0.359,-4.22
8186.5,11.758,-0.379,-4.46
8196.5,11.761,-0.361,-4.25
8206.5,11.760,-0.358,-4.21
8216.5,11.757,-0.364,-4.28
8226.5,11.757,-0.358,-4.20
8236.5,11.756,-0.357,-4.20
8246.5,11.754,-0.361,-4.24
8256.5,11.753,-0.361,-4.24
8266.5,11.753,-0.358,-4.20
8276.5,11.751,-0.368,-4.32
8286.5,11.750,-0.360,-4.23
8296.5,11.750,-0.360,-4.23
8306.5,11.748,-0.360,-4.23
8316.5,11.748,-0.360,-4.23
8326.5,11.746,-0.368,-4.33
8336.5,11.745,-0.357,-4.20
8346.5,11.745,-0.358,-4.20
8356.5,11.743,-0.361,-4.24
8366.5,11.743,-0.360,-4.23
8376.5,11.738,-0.378,-4.44
8386.5,11.736,-0.381,-4.47
8396.5,11.738,-0.362,-4.25
8406.5,11.737,-0.365,-4.29
8416.5,11.738,-0.361,-4.23
8426.5,11.735,-0.360,-4.22
8436.5,11.730,-0.381,-4.47
8446.5,11.733,-0.361,-4.23
8456.5,11.732,-0.364,-4.27
8466.5,11.733,-0.360,-4.23
8476.5,11.731,-0.361,-4.23
8486.5,11.729,-0.361,-4.23
8496.5,11.729,-0.362,-4.25
8506.5,11.726,-0.365,-4.28
8516.5,11.726,-0.361,-4.24
8526.5,11.726,-0.360,-4.23
8536.5,11.724,-0.362,-4.24
8546.5,11.719,-0.380,-4.45
8556.5,11.722,-0.363,-4.25
8566.5,11.721,-0.360,-4.22
8576.5,11.721,-0.364,-4.26
8586.5,11.720,-0.359,-4.21
8596.5,11.719,-0.360,-4.22
8606.5,11.732,-0.298,-3.50
8616.5,11.721,-0.347,-4.07
8626.5,11.716,-0.363,-4.26
8636.5,11.715,-0.363,-4.25
8646.5,11.714,-0.365,-4.27
8656.5,11.714,-0.364,-4.26
8666.5,11.716,-0.342,-4.01
8676.5,11.715,-0.342,-4.00
8686.5,11.713,-0.353,-4.14
8696.5,11.714,-0.344,-4.03
8706.5,11.713,-0.343,-4.01
8716.5,11.712,-0.344,-4.03
8726.5,11.711,-0.346,-4.05
8736.5,11.706,-0.363,-4.25
8746.5,11.708,-0.345,-4.04
8756.5,11.708,-0.346,-4.06
8766.5,11.708,-0.344,-4.03
8776.5,11.706,-0.344,-4.03
8786.5,11.705,-0.342,-4.00
8796.5,11.704,-0.350,-4.10
8806.5,11.704,-0.342,-4.00
8816.5,11.699,-0.365,-4.27
8826.5,11.703,-0.343,-4.01
8836.5,11.701,-0.345,-4.04
8846.5,11.701,-0.345,-4.03
8856.5,11.699,-0.344,-4.03
8866.5,11.698,-0.346,-4.05
8876.5,11.693,-0.363,-4.24
8886.5,11.697,-0.347,-4.06
8896.5,11.696,-0.347,-4.06
8906.5,11.694,-0.351,-4.10
8916.5,11.694,-0.345,-4.03
8926.5,11.693,-0.344,-4.03
8936.5,11.691,-0.343,-4.01
8946.5,11.690,-0.344,-4.02
8956.5,11.690,-0.343,-4.01
8966.5,11.688,-0.343,-4.00
8976.5,11.687,-0.344,-4.02
8986.5,11.687,-0.343,-4.01
8996.5,11.687,-0.343,-4.01
9006.5,11.682,-0.366,-4.27
9016.5,11.685,-0.347,-4.05
9026.5,11.685,-0.346,-4.04
9036.5,11.684,-0.342,-4.00
9046.5,11.683,-0.345,-4.04
9056.5,11.676,-0.365,-4.26
9066.5,11.680,-0.345,-4.03
9076.5,11.679,-0.343,-4.01
9086.5,11.678,-0.346,-4.04
9096.5,11.678,-0.348,-4.06
9106.5,11.674,-0.362,-4.22
9116.5,11.676,-0.344,-4.02
9126.5,11.675,-0.346,-4.04
9136.5,11.674,-0.344,-4.01
9146.5,11.673,-0.345,-4.03
9156.5,11.671,-0.350,-4.08
9166.5,11.670,-0.346,-4.04
9176.5,11.670,-0.345,-4.02
9186.5,11.669,-0.345,-4.02
9196.5,11.664,-0.364,-4.25
9206.5,11.668,-0.342,-3.99
9216.5,11.668,-0.347,-4.04
9226.5,11.666,-0.345,-4.03
9236.5,11.665,-0.348,-4.06
9246.5,11.660,-0.365,-4.25
9256.5,11.664,-0.345,-4.02
9266.5,11.662,-0.347,-4.05
9276.5,11.661,-0.347,-4.04
9286.5,11.661,-0.345,-4.02
9296.5,11.656,-0.362,-4.22
9306.5,11.658,-0.347,-4.04
9316.5,11.658,-0.343,-4.00
9326.5,11.657,-0.344,-4.01
9336.5,11.655,-0.344,-4.01
9346.5,11.655,-0.346,-4.03
9356.5,11.655,-0.343,-3.99
9366.5,11.654,-0.345,-4.02
9376.5,11.652,-0.346,-4.03
9386.5,11.647,-0.363,-4.23
9396.5,11.652,-0.345,-4.01
9406.5,11.651,-0.346,-4.03
9416.5,11.648,-0.349,-4.07
9426.5,11.648,-0.346,-4.02
9436.5,11.647,-0.345,-4.01
9446.5,11.646,-0.351,-4.09
9456.5,11.646,-0.348,-4.05
9466.5,11.642,-0.362,-4.22
9476.5,11.644,-0.346,-4.02
9486.5,11.643,-0.346,-4.03
9496.5,11.642,-0.345,-4.02
9506.5,11.641,-0.348,-4.05
9516.5,11.640,-0.346,-4.03
9526.5,11.640,-0.351,-4.08
9536.5,11.639,-0.347,-4.04
9546.5,11.638,-0.347,-4.04
9556.5,11.637,-0.345,-4.01
9566.5,11.635,-0.347,-4.04
9576.5,11.631,-0.362,-4.21
9586.5,11.635,-0.344,-4.00
9596.5,11.633,-0.347,-4.03
9606.5,11.633,-0.346,-4.02
9616.5,11.632,-0.346,-4.02
9626.5,11.628,-0.361,-4.20
9636.5,11.622,-0.385,-4.47
9646.5,11.624,-0.363,-4.22
9656.5,11.619,-0.384,-4.46
9666.5,11.622,-0.363,-4.22
9676.5,11.619,-0.386,-4.48
9686.5,11.621,-0.365,-4.24
9696.5,11.619,-0.365,-4.24
9706.5,11.619,-0.368,-4.28
9716.5,11.616,-0.377,-4.37
9726.5,11.617,-0.366,-4.25
9736.5,11.616,-0.362,-4.21
9746.5,11.614,-0.365,-4.24
9756.5,11.614,-0.362,-4.20
9766.5,11.613,-0.365,-4.23
9776.5,11.613,-0.365,-4.24
9786.5,11.610,-0.372,-4.32
9796.5,11.607,-0.385,-4.47
9806.5,11.608,-0.366,-4.25
9816.5,11.608,-0.367,-4.25
9826.5,11.604,-0.384,-4.46
9836.5,11.607,-0.363,-4.21
9846.5,11.601,-0.390,-4.52
9856.5,11.602,-0.385,-4.47
9866.5,11.605,-0.362,-4.20
9876.5,11.604,-0.364,-4.23
9886.5,11.602,-0.365,-4.23
9896.5,11.601,-0.365,-4.24
9906.5,11.601,-0.364,-4.22
9916.5,11.600,-0.365,-4.23
9926.5,11.597,-0.368,-4.26
9936.5,11.598,-0.364,-4.22
9946.5,11.596,-0.366,-4.24
9956.5,11.596,-0.362,-4.20
9966.5,11.594,-0.366,-4.24
9976.5,11.595,-0.366,-4.24
9986.5,11.593,-0.363,-4.20
9996.5,11.589,-0.383,-4.43
10006.5,11.592,-0.366,-4.24
10016.5,11.587,-0.387,-4.48
10026.5,11.591,-0.366,-4.24
10036.5,11.589,-0.367,-4.25
10046.5,11.588,-0.368,-4.26
10056.5,11.587,-0.366,-4.24
10066.5,11.587,-0.363,-4.20
10076.5,11.586,-0.366,-4.25
10086.5,11.585,-0.365,-4.23
10096.5,11.585,-0.362,-4.20
10106.5,11.583,-0.368,-4.26
10116.5,11.582,-0.366,-4.24
10126.5,11.583,-0.363,-4.21
10136.5,11.577,-0.384,-4.45
10146.5,11.580,-0.369,-4.27
10156.5,11.579,-0.366,-4.24
10166.5,11.579,-0.366,-4.24
10176.5,11.578,-0.367,-4.25
10186.5,11.575,-0.378,-4.38
10196.5,11.574,-0.373,-4.32
10206.5,11.570,-0.384,-4.44
10216.5,11.569,-0.387,-4.47
10226.5,11.586,-0.299,-3.46
10236.5,11.577,-0.347,-4.02
10246.5,11.572,-0.366,-4.23
10256.5,11.575,-0.350,-4.05
10266.5,11.575,-0.348,-4.03
10276.5,11.573,-0.354,-4.10
10286.5,11.573,-0.353,-4.09
10296.5,11.572,-0.350,-4.05
10306.5,11.568,-0.368,-4.26
10316.5,11.571,-0.349,-4.04
10326.5,11.570,-0.349,-4.03
10336.5,11.569,-0.349,-4.04
10346.5,11.567,-0.346,-4.00
10356.5,11.567,-0.350,-4.04
10366.5,11.566,-0.351,-4.06
10376.5,11.566,-0.349,-4.03
10386.5,11.565,-0.346,-4.01
10396.5,11.560,-0.370,-4.27
10406.5,11.563,-0.349,-4.03
10416.5,11.563,-0.347,-4.01
10426.5,11.561,-0.348,-4.02
10436.5,11.561,-0.350,-4.04
10446.5,11.558,-0.355,-4.10
10456.5,11.560,-0.345,-3.99
10466.5,11.558,-0.348,-4.02
10476.5,11.557,-0.350,-4.04
10486.5,11.556,-0.348,-4.03
10496.5,11.552,-0.368,-4.26
10506.5,11.556,-0.350,-4.04
10516.5,11.552,-0.368,-4.25
10526.5,11.547,-0.388,-4.48
10536.5,11.551,-0.364,-4.20
10546.5,11.549,-0.372,-4.29
10556.5,11.544,-0.385,-4.45
10566.5,11.546,-0.367,-4.24
10576.5,11.547,-0.364,-4.21
10586.5,11.541,-0.389,-4.49
10596.5,11.545,-0.366,-4.23
10606.5,11.544,-0.366,-4.23
10616.5,11.543,-0.364,-4.21
10626.5,11.541,-0.366,-4.23
10636.5,11.541,-0.367,-4.23
10646.5,11.536,-0.389,-4.48
10656.5,11.539,-0.366,-4.23
10666.5,11.537,-0.368,-4.25
10676.5,11.537,-0.366,-4.22
10686.5,11.537,-0.367,-4.23
10696.5,11.536,-0.367,-4.23
10706.5,11.536,-0.366,-4.22
10716.5,11.534,-0.365,-4.21
10726.5,11.534,-0.364,-4.20
10736.5,11.533,-0.368,-4.25
10746.5,11.532,-0.366,-4.23
10756.5,11.531,-0.368,-4.24
10766.5,11.530,-0.369,-4.26
10776.5,11.527,-0.379,-4.37
10786.5,11.528,-0.366,-4.22
10796.5,11.528,-0.370,-4.26
10806.5,11.524,-0.381,-4.39
10816.5,11.527,-0.365,-4.21
10826.5,11.524,-0.369,-4.25
10836.5,11.520,-0.385,-4.44
10846.5,11.523,-0.369,-4.25
10856.5,11.522,-0.366,-4.22
10866.5,11.517,-0.387,-4.46
10876.5,11.521,-0.367,-4.23
10886.5,11.520,-0.365,-4.21
10896.5,11.518,-0.372,-4.28
10906.5,11.519,-0.368,-4.23
10916.5,11.516,-0.368,-4.24
10926.5,11.516,-0.368,-4.24
10936.5,11.516,-0.366,-4.21
10946.5,11.515,-0.370,-4.26
10956.5,11.514,-0.369,-4.25
10966.5,11.513,-0.365,-4.20
10976.5,11.513,-0.367,-4.23
10986.5,11.511,-0.366,-4.22
10996.5,11.511,-0.366,-4.21
11006.5,11.511,-0.367,-4.22
11016.5,11.506,-0.386,-4.44
11026.5,11.504,-0.389,-4.47
11036.5,11.508,-0.367,-4.22
11046.5,11.507,-0.366,-4.21
11056.5,11.506,-0.366,-4.21
11066.5,11.505,-0.371,-4.27
11076.5,11.505,-0.365,-4.20
11086.5,11.504,-0.368,-4.24
11096.5,11.502,-0.369,-4.24
11106.5,11.502,-0.366,-4.20
11116.5,11.503,-0.363,-4.18
11126.5,11.505,-0.348,-4.01
11136.5,11.504,-0.353,-4.06
11146.5,11.500,-0.371,-4.26
11156.5,11.502,-0.352,-4.05
11166.5,11.503,-0.349,-4.01
11176.5,11.497,-0.371,-4.27
11186.5,11.501,-0.347,-3.99
11196.5,11.500,-0.351,-4.04
11206.5,11.498,-0.359,-4.13
11216.5,11.493,-0.369,-4.24
11226.5,11.497,-0.350,-4.02
11236.5,11.496,-0.349,-4.01
11246.5,11.494,-0.351,-4.03
11256.5,11.495,-0.349,-4.01
11266.5,11.495,-0.349,-4.01
11276.5,11.493,-0.350,-4.03
11286.5,11.493,-0.350,-4.02
11296.5,11.492,-0.351,-4.03
11306.5,11.492,-0.349,-4.01
11316.5,11.490,-0.353,-4.05
11326.5,11.490,-0.356,-4.09
11336.5,11.489,-0.350,-4.02
11346.5,11.488,-0.349,-4.01
11356.5,11.487,-0.353,-4.06
11366.5,11.485,-0.351,-4.03
11376.5,11.486,-0.351,-4.03
11386.5,11.484,-0.354,-4.07
11396.5,11.483,-0.352,-4.04
11406.5,11.479,-0.371,-4.26
11416.5,11.481,-0.355,-4.07
11426.5,11.478,-0.365,-4.19
11436.5,11.480,-0.349,-4.01
11446.5,11.480,-0.352,-4.04
11456.5,11.475,-0.373,-4.28
11466.5,11.477,-0.354,-4.06
11476.5,11.476,-0.351,-4.03
11486.5,11.472,-0.369,-4.23
11496.5,11.474,-0.355,-4.07
11506.5,11.474,-0.357,-4.10
11516.5,11.473,-0.355,-4.08
11526.5,11.473,-0.352,-4.04
11536.5,11.471,-0.358,-4.10
11546.5,11.471,-0.359,-4.12
11556.5,11.470,-0.354,-4.06
11566.5,11.469,-0.356,-4.08
11576.5,11.468,-0.358,-4.11
11586.5,11.467,-0.358,-4.11
11596.5,11.464,-0.369,-4.23
11606.5,11.464,-0.371,-4.26
11616.5,11.463,-0.362,-4.15
11626.5,11.465,-0.355,-4.07
11636.5,11.462,-0.357,-4.10
11646.5,11.459,-0.371,-4.25
11656.5,11.459,-0.374,-4.29
11666.5,11.460,-0.360,-4.12
11676.5,11.458,-0.358,-4.11
11686.5,11.458,-0.358,-4.10
11696.5,11.457,-0.362,-4.15
11706.5,11.457,-0.361,-4.14
11716.5,11.456,-0.362,-4.15
11726.5,11.455,-0.360,-4.12
11736.5,11.452,-0.371,-4.25
11746.5,11.454,-0.360,-4.13
11756.5,11.452,-0.362,-4.14
11766.5,11.450,-0.373,-4.27
11776.5,11.451,-0.362,-4.15
11786.5,11.448,-0.371,-4.24
11796.5,11.447,-0.372,-4.25
11806.5,11.448,-0.360,-4.12
11816.5,11.447,-0.361,-4.14
11826.5,11.446,-0.363,-4.16
11836.5,11.445,-0.362,-4.15
11846.5,11.443,-0.370,-4.23
11856.5,11.444,-0.364,-4.16
11866.5,11.442,-0.365,-4.18
11876.5,11.441,-0.361,-4.13
11886.5,11.440,-0.365,-4.17
11896.5,11.440,-0.363,-4.15
11906.5,11.439,-0.364,-4.17
11916.5,11.438,-0.364,-4.17
11926.5,11.436,-0.368,-4.21
11936.5,11.435,-0.368,-4.20
11946.5,11.436,-0.365,-4.18
11956.5,11.434,-0.367,-4.20
11966.5,11.434,-0.364,-4.16
11976.5,11.433,-0.367,-4.20
11986.5,11.431,-0.371,-4.24
11996.5,11.431,-0.368,-4.21
12006.5,11.431,-0.369,-4.22
12016.5,11.430,-0.369,-4.22
12026.5,11.429,-0.370,-4.23
12036.5,11.427,-0.371,-4.23
12046.5,11.427,-0.370,-4.23
12056.5,11.425,-0.370,-4.23
12066.5,11.425,-0.370,-4.23
12076.5,11.424,-0.369,-4.22
12086.5,11.423,-0.370,-4.23
12096.5,11.422,-0.369,-4.21
12106.5,11.421,-0.372,-4.25
12116.5,11.421,-0.369,-4.22
12126.5,11.420,-0.372,-4.25
12136.5,11.419,-0.374,-4.28
12146.5,11.419,-0.369,-4.21
12156.5,11.417,-0.369,-4.21
12166.5,11.416,-0.369,-4.21
12176.5,11.415,-0.373,-4.25
12186.5,11.414,-0.370,-4.23
12196.5,11.415,-0.375,-4.28
12206.5,11.413,-0.369,-4.22
12216.5,11.413,-0.373,-4.26
12226.5,11.409,-0.389,-4.44
12236.5,11.406,-0.392,-4.47
12246.5,11.406,-0.393,-4.49
12256.5,11.404,-0.392,-4.46
12266.5,11.402,-0.390,-4.45
12276.5,11.403,-0.390,-4.45
12286.5,11.400,-0.392,-4.47
12296.5,11.400,-0.393,-4.48
12306.5,11.399,-0.390,-4.44
12316.5,11.399,-0.389,-4.44
12326.5,11.398,-0.390,-4.44
12336.5,11.396,-0.393,-4.48
12346.5,11.396,-0.392,-4.46
12356.5,11.394,-0.392,-4.47
12366.5,11.394,-0.394,-4.48
12376.5,11.393,-0.395,-4.50
12386.5,11.392,-0.391,-4.45
12396.5,11.390,-0.390,-4.44
12406.5,11.390,-0.392,-4.46
12416.5,11.389,-0.392,-4.47
12426.5,11.388,-0.393,-4.47
12436.5,11.387,-0.394,-4.48
12446.5,11.386,-0.392,-4.46
12456.5,11.384,-0.393,-4.47
12466.5,11.384,-0.391,-4.45
12476.5,11.383,-0.393,-4.48
12486.5,11.383,-0.391,-4.45
12496.5,11.381,-0.392,-4.46
12506.5,11.381,-0.392,-4.46
12516.5,11.379,-0.393,-4.47
12526.5,11.379,-0.394,-4.48
12536.5,11.379,-0.392,-4.46
12546.5,11.377,-0.391,-4.45
12556.5,11.376,-0.391,-4.45
12566.5,11.375,-0.391,-4.45
12576.5,11.375,-0.392,-4.46
12586.5,11.374,-0.392,-4.46
12596.5,11.373,-0.393,-4.46
12606.5,11.372,-0.390,-4.44
12616.5,11.370,-0.393,-4.46
12626.5,11.370,-0.392,-4.46
12636.5,11.368,-0.390,-4.43
12646.5,11.367,-0.393,-4.47
12656.5,11.366,-0.392,-4.45
12666.5,11.365,-0.393,-4.47
12676.5,11.364,-0.392,-4.46
12686.5,11.363,-0.391,-4.44
12696.5,11.363,-0.391,-4.44
12706.5,11.362,-0.394,-4.48
12716.5,11.361,-0.393,-4.46
12726.5,11.361,-0.391,-4.44
12736.5,11.359,-0.394,-4.48
12746.5,11.358,-0.396,-4.50
12756.5,11.357,-0.393,-4.47
12766.5,11.356,-0.396,-4.50
12776.5,11.356,-0.394,-4.48
12786.5,11.355,-0.395,-4.48
12796.5,11.353,-0.394,-4.47
12806.5,11.352,-0.394,-4.47
12816.5,11.352,-0.390,-4.42
12826.5,11.364,-0.328,-3.73
12836.5,11.355,-0.374,-4.24
12846.5,11.354,-0.375,-4.26
12856.5,11.352,-0.376,-4.27
12866.5,11.352,-0.377,-4.28
12876.5,11.351,-0.377,-4.28
12886.5,11.350,-0.375,-4.25
12896.5,11.349,-0.374,-4.24
12906.5,11.348,-0.375,-4.25
12916.5,11.346,-0.373,-4.23
12926.5,11.346,-0.375,-4.25
12936.5,11.345,-0.375,-4.26
12946.5,11.345,-0.374,-4.25
12956.5,11.343,-0.377,-4.27
12966.5,11.342,-0.375,-4.25
12976.5,11.341,-0.375,-4.25
12986.5,11.340,-0.377,-4.28
12996.5,11.340,-0.377,-4.28
13006.5,11.338,-0.375,-4.25
13016.5,11.338,-0.378,-4.29
13026.5,11.336,-0.377,-4.28
13036.5,11.337,-0.375,-4.25
13046.5,11.335,-0.376,-4.26
13056.5,11.334,-0.375,-4.25
13066.5,11.334,-0.376,-4.26
13076.5,11.333,-0.374,-4.24
13086.5,11.331,-0.375,-4.25
13096.5,11.331,-0.376,-4.25
13106.5,11.330,-0.376,-4.26
13116.5,11.328,-0.375,-4.25
13126.5,11.328,-0.375,-4.24
13136.5,11.326,-0.375,-4.25
13146.5,11.325,-0.376,-4.25
13156.5,11.325,-0.377,-4.27
13166.5,11.324,-0.377,-4.27
13176.5,11.323,-0.378,-4.28
13186.5,11.322,-0.375,-4.24
13196.5,11.321,-0.373,-4.23
13206.5,11.320,-0.374,-4.24
13216.5,11.319,-0.375,-4.24
13226.5,11.319,-0.374,-4.23
13236.5,11.317,-0.375,-4.24
13246.5,11.317,-0.384,-4.35
13256.5,11.316,-0.378,-4.27
13266.5,11.315,-0.376,-4.26
13276.5,11.314,-0.376,-4.25
13286.5,11.312,-0.376,-4.26
13296.5,11.312,-0.376,-4.25
13306.5,11.310,-0.377,-4.26
13316.5,11.310,-0.375,-4.24
13326.5,11.308,-0.377,-4.26
13336.5,11.308,-0.375,-4.24
13346.5,11.307,-0.377,-4.26
13356.5,11.307,-0.377,-4.26
13366.5,11.305,-0.377,-4.26
13376.5,11.304,-0.376,-4.25
13386.5,11.302,-0.378,-4.27
13396.5,11.302,-0.375,-4.24
13406.5,11.301,-0.376,-4.25
13416.5,11.300,-0.377,-4.26
13426.5,11.300,-0.377,-4.26
13436.5,11.298,-0.378,-4.27
13446.5,11.298,-0.375,-4.24
13456.5,11.296,-0.375,-4.24
13466.5,11.296,-0.376,-4.24
13476.5,11.294,-0.375,-4.23
13486.5,11.295,-0.376,-4.24
13496.5,11.293,-0.379,-4.28
13506.5,11.292,-0.377,-4.25
13516.5,11.292,-0.377,-4.25
13526.5,11.290,-0.379,-4.28
13536.5,11.290,-0.378,-4.27
13546.5,11.288,-0.377,-4.25
13556.5,11.288,-0.376,-4.24
13566.5,11.287,-0.377,-4.26
13576.5,11.285,-0.376,-4.24
13586.5,11.284,-0.377,-4.26
13596.5,11.284,-0.379,-4.27
13606.5,11.282,-0.378,-4.27
13616.5,11.282,-0.377,-4.25
13626.5,11.281,-0.380,-4.28
13636.5,11.280,-0.374,-4.22
13646.5,11.279,-0.375,-4.23
13656.5,11.278,-0.377,-4.25
13666.5,11.278,-0.383,-4.31
13676.5,11.275,-0.379,-4.27
13686.5,11.275,-0.375,-4.23
13696.5,11.274,-0.375,-4.23
13706.5,11.272,-0.377,-4.25
13716.5,11.272,-0.377,-4.25
13726.5,11.271,-0.376,-4.24
13736.5,11.269,-0.379,-4.27
13746.5,11.268,-0.379,-4.27
13756.5,11.268,-0.377,-4.25
13766.5,11.266,-0.376,-4.24
13776.5,11.266,-0.379,-4.27
13786.5,11.265,-0.374,-4.22
13796.5,11.263,-0.377,-4.25
13806.5,11.263,-0.375,-4.22
13816.5,11.263,-0.378,-4.25
13826.5,11.261,-0.376,-4.24
13836.5,11.260,-0.378,-4.26
13846.5,11.259,-0.379,-4.27
13856.5,11.258,-0.377,-4.24
13866.5,11.256,-0.377,-4.25
13876.5,11.256,-0.376,-4.23
13886.5,11.256,-0.376,-4.23
13896.5,11.255,-0.378,-4.25
13906.5,11.253,-0.376,-4.23
13916.5,11.253,-0.376,-4.23
13926.5,11.251,-0.377,-4.24
13936.5,11.250,-0.378,-4.25
13946.5,11.249,-0.378,-4.25
13956.5,11.247,-0.377,-4.24
13966.5,11.246,-0.378,-4.25
13976.5,11.247,-0.378,-4.25
13986.5,11.246,-0.377,-4.24
13996.5,11.244,-0.379,-4.26
14006.5,11.243,-0.377,-4.24
14016.5,11.242,-0.377,-4.24
14026.5,11.242,-0.376,-4.23
14036.5,11.240,-0.377,-4.23
14046.5,11.239,-0.376,-4.22
14056.5,11.238,-0.382,-4.29
14066.5,11.238,-0.378,-4.25
14076.5,11.238,-0.379,-4.25
14086.5,11.235,-0.376,-4.23
14096.5,11.234,-0.377,-4.24
14106.5,11.234,-0.377,-4.24
14116.5,11.233,-0.379,-4.26
14126.5,11.231,-0.379,-4.25
14136.5,11.229,-0.379,-4.25
14146.5,11.229,-0.376,-4.23
14156.5,11.228,-0.380,-4.27
14166.5,11.227,-0.376,-4.22
14176.5,11.225,-0.380,-4.26
14186.5,11.225,-0.378,-4.24
14196.5,11.224,-0.379,-4.26
14206.5,11.224,-0.376,-4.21
14216.5,11.222,-0.381,-4.27
14226.5,11.221,-0.378,-4.24
14236.5,11.220,-0.379,-4.25
14246.5,11.220,-0.379,-4.25
14256.5,11.219,-0.377,-4.23
14266.5,11.217,-0.381,-4.27
14276.5,11.216,-0.381,-4.28
14286.5,11.215,-0.376,-4.22
14296.5,11.214,-0.376,-4.21
14306.5,11.213,-0.380,-4.26
14316.5,11.213,-0.379,-4.25
14326.5,11.211,-0.380,-4.26
14336.5,11.208,-0.383,-4.30
14346.5,11.208,-0.378,-4.24
14356.5,11.207,-0.378,-4.24
14366.5,11.207,-0.379,-4.25
14376.5,11.206,-0.377,-4.23
14386.5,11.205,-0.376,-4.21
14396.5,11.203,-0.379,-4.24
14406.5,11.202,-0.377,-4.23
14416.5,11.201,-0.381,-4.27
14426.5,11.201,-0.379,-4.24
14436.5,11.199,-0.378,-4.24
14446.5,11.197,-0.376,-4.21
14456.5,11.196,-0.383,-4.29
14466.5,11.196,-0.380,-4.25
14476.5,11.194,-0.380,-4.26
14486.5,11.194,-0.379,-4.24
14496.5,11.192,-0.380,-4.25
14506.5,11.191,-0.380,-4.25
14516.5,11.190,-0.380,-4.26
14526.5,11.189,-0.379,-4.25
14536.5,11.188,-0.378,-4.23
14546.5,11.187,-0.380,-4.25
14556.5,11.187,-0.381,-4.26
14566.5,11.185,-0.379,-4.24
14576.5,11.184,-0.376,-4.21
14586.5,11.183,-0.380,-4.25
14596.5,11.183,-0.380,-4.25
14606.5,11.182,-0.380,-4.25
14616.5,11.180,-0.379,-4.24
14626.5,11.178,-0.379,-4.24
14636.5,11.178,-0.381,-4.25
14646.5,11.177,-0.380,-4.24
14656.5,11.175,-0.379,-4.24
14666.5,11.174,-0.378,-4.22
14676.5,11.174,-0.381,-4.26
14686.5,11.172,-0.381,-4.25
14696.5,11.171,-0.379,-4.24
14706.5,11.172,-0.380,-4.24
14716.5,11.169,-0.381,-4.26
14726.5,11.168,-0.379,-4.23
14736.5,11.167,-0.383,-4.28
14746.5,11.166,-0.381,-4.25
14756.5,11.164,-0.376,-4.20
14766.5,11.164,-0.379,-4.23
14776.5,11.162,-0.382,-4.27
14786.5,11.162,-0.379,-4.23
14796.5,11.161,-0.379,-4.23
14806.5,11.159,-0.379,-4.23
14816.5,11.159,-0.377,-4.21
14826.5,11.158,-0.381,-4.25
14836.5,11.157,-0.380,-4.24
14846.5,11.156,-0.379,-4.23
14856.5,11.155,-0.379,-4.23
14866.5,11.154,-0.381,-4.25
14876.5,11.153,-0.380,-4.24
14886.5,11.152,-0.380,-4.24
14896.5,11.149,-0.378,-4.22
14906.5,11.149,-0.378,-4.22
14916.5,11.148,-0.383,-4.27
14926.5,11.148,-0.381,-4.25
14936.5,11.147,-0.378,-4.21
14946.5,11.145,-0.380,-4.23
14956.5,11.144,-0.383,-4.27
14966.5,11.143,-0.382,-4.26
14976.5,11.141,-0.380,-4.24
14986.5,11.140,-0.381,-4.24
14996.5,11.144,-0.359,-4.00
15006.5,11.139,-0.382,-4.26
15016.5,11.142,-0.361,-4.03
15026.5,11.141,-0.361,-4.02
15036.5,11.139,-0.358,-3.99
15046.5,11.137,-0.363,-4.05
15056.5,11.137,-0.361,-4.02
15066.5,11.137,-0.359,-3.99
15076.5,11.136,-0.358,-3.99
15086.5,11.133,-0.361,-4.02
15096.5,11.138,-0.333,-3.71
15106.5,11.128,-0.383,-4.26
15116.5,11.123,-0.401,-4.46
15126.5,11.124,-0.379,-4.21
15136.5,11.123,-0.377,-4.19
15146.5,11.123,-0.380,-4.22
15156.5,11.122,-0.382,-4.24
15166.5,11.119,-0.380,-4.23
15176.5,11.118,-0.378,-4.21
15186.5,11.117,-0.378,-4.20
15196.5,11.112,-0.399,-4.43
15206.5,11.116,-0.380,-4.22
15216.5,11.114,-0.378,-4.20
15226.5,11.108,-0.400,-4.44
15236.5,11.111,-0.385,-4.28
15246.5,11.110,-0.380,-4.22
15256.5,11.105,-0.402,-4.46
15266.5,11.107,-0.384,-4.26
15276.5,11.106,-0.383,-4.25
15286.5,11.106,-0.380,-4.22
15296.5,11.104,-0.385,-4.27
15306.5,11.103,-0.379,-4.21
15316.5,11.102,-0.382,-4.24
15326.5,11.102,-0.382,-4.24
15336.5,11.099,-0.383,-4.26
15346.5,11.095,-0.397,-4.41
15356.5,11.098,-0.381,-4.22
15366.5,11.096,-0.383,-4.25
15376.5,11.094,-0.383,-4.25
15386.5,11.092,-0.387,-4.30
15396.5,11.092,-0.379,-4.20
15406.5,11.092,-0.383,-4.24
15416.5,11.090,-0.385,-4.27
15426.5,11.089,-0.378,-4.19
15436.5,11.087,-0.379,-4.20
15446.5,11.083,-0.403,-4.46
15456.5,11.085,-0.384,-4.26
15466.5,11.084,-0.381,-4.23
15476.5,11.084,-0.378,-4.19
15486.5,11.081,-0.387,-4.29
15496.5,11.081,-0.378,-4.19
15506.5,11.080,-0.381,-4.22
15516.5,11.078,-0.384,-4.25
15526.5,11.077,-0.381,-4.22
15536.5,11.076,-0.380,-4.21
15546.5,11.075,-0.381,-4.22
15556.5,11.074,-0.385,-4.26
15566.5,11.072,-0.384,-4.25
15576.5,11.072,-0.381,-4.22
15586.5,11.070,-0.384,-4.25
15596.5,11.066,-0.393,-4.35
15606.5,11.067,-0.381,-4.22
15616.5,11.067,-0.383,-4.24
15626.5,11.065,-0.383,-4.24
15636.5,11.061,-0.403,-4.46
15646.5,11.063,-0.379,-4.19
15656.5,11.061,-0.383,-4.24
15666.5,11.061,-0.384,-4.24
15676.5,11.060,-0.380,-4.21
15686.5,11.060,-0.381,-4.22
15696.5,11.071,-0.313,-3.46
15706.5,11.060,-0.367,-4.06
15716.5,11.060,-0.364,-4.03
15726.5,11.059,-0.363,-4.01
15736.5,11.058,-0.363,-4.02
15746.5,11.057,-0.365,-4.04
15756.5,11.056,-0.361,-3.99
15766.5,11.054,-0.363,-4.02
15776.5,11.052,-0.367,-4.05
15786.5,11.052,-0.365,-4.04
15796.5,11.051,-0.362,-4.00
15806.5,11.046,-0.386,-4.27
15816.5,11.049,-0.364,-4.02
15826.5,11.044,-0.384,-4.24
15836.5,11.047,-0.360,-3.98
15846.5,11.045,-0.364,-4.02
15856.5,11.045,-0.361,-3.98
15866.5,11.043,-0.362,-4.00
15876.5,11.043,-0.361,-3.99
15886.5,11.042,-0.366,-4.05
15896.5,11.040,-0.366,-4.04
15906.5,11.040,-0.365,-4.03
15916.5,11.038,-0.362,-4.00
15926.5,11.037,-0.362,-4.00
15936.5,11.036,-0.361,-3.99
15946.5,11.033,-0.362,-4.00
15956.5,11.033,-0.364,-4.02
15966.5,11.032,-0.365,-4.03
15976.5,11.032,-0.364,-4.02
15986.5,11.031,-0.364,-4.02
15996.5,11.029,-0.365,-4.03
16006.5,11.028,-0.363,-4.00
16016.5,11.023,-0.383,-4.22
16026.5,11.024,-0.376,-4.14
16036.5,11.026,-0.364,-4.01
16046.5,11.024,-0.361,-3.98
16056.5,11.023,-0.364,-4.01
16066.5,11.022,-0.367,-4.04
16076.5,11.021,-0.366,-4.03
16086.5,11.021,-0.362,-3.99
16096.5,11.020,-0.363,-4.00
16106.5,11.018,-0.365,-4.02
16116.5,11.013,-0.382,-4.20
16126.5,11.015,-0.362,-3.99
16136.5,11.010,-0.384,-4.23
16146.5,11.010,-0.385,-4.24
16156.5,11.013,-0.365,-4.02
16166.5,11.012,-0.364,-4.01
16176.5,11.010,-0.366,-4.02
16186.5,11.009,-0.367,-4.04
16196.5,11.007,-0.365,-4.02
16206.5,11.003,-0.384,-4.22
16216.5,11.006,-0.365,-4.02
16226.5,11.004,-0.363,-3.99
16236.5,11.004,-0.366,-4.02
16246.5,11.002,-0.366,-4.03
16256.5,11.001,-0.365,-4.02
16266.5,11.000,-0.365,-4.01
16276.5,10.999,-0.363,-3.99
16286.5,10.999,-0.365,-4.02
16296.5,10.997,-0.361,-3.97
16306.5,10.996,-0.363,-4.00
16316.5,10.995,-0.363,-3.99
16326.5,10.993,-0.365,-4.01
16336.5,10.993,-0.364,-4.00
16346.5,10.992,-0.364,-4.00
16356.5,10.990,-0.364,-4.00
16366.5,10.989,-0.367,-4.03
16376.5,10.989,-0.367,-4.03
16386.5,10.984,-0.390,-4.29
16396.5,10.982,-0.389,-4.27
16406.5,10.984,-0.371,-4.07
16416.5,10.986,-0.363,-3.99
16426.5,10.978,-0.387,-4.25
16436.5,10.982,-0.367,-4.03
16446.5,10.977,-0.383,-4.20
16456.5,10.975,-0.384,-4.21
16466.5,10.978,-0.367,-4.03
16476.5,10.977,-0.363,-3.98
16486.5,10.975,-0.363,-3.99
16496.5,10.975,-0.364,-3.99
16506.5,10.973,-0.366,-4.02
16516.5,10.971,-0.365,-4.01
16526.5,10.972,-0.366,-4.01
16536.5,10.971,-0.364,-3.99
16546.5,10.970,-0.370,-4.06
16556.5,10.968,-0.368,-4.03
16566.5,10.967,-0.366,-4.02
16576.5,10.966,-0.367,-4.02
16586.5,10.966,-0.368,-4.04
16596.5,10.964,-0.369,-4.04
16606.5,10.963,-0.366,-4.01
16616.5,10.962,-0.369,-4.04
16626.5,10.957,-0.387,-4.24
16636.5,10.961,-0.368,-4.03
16646.5,10.955,-0.386,-4.23
16656.5,10.957,-0.368,-4.03
16666.5,10.958,-0.365,-4.00
16676.5,10.956,-0.363,-3.98
16686.5,10.954,-0.372,-4.08
16696.5,10.953,-0.365,-4.00
16706.5,10.953,-0.364,-3.99
16716.5,10.951,-0.365,-3.99
16726.5,10.947,-0.386,-4.22
16736.5,10.948,-0.365,-4.00
16746.5,10.948,-0.367,-4.01
16756.5,10.947,-0.368,-4.02
16766.5,10.946,-0.368,-4.03
16776.5,10.946,-0.366,-4.01
16786.5,10.945,-0.367,-4.02
16796.5,10.939,-0.389,-4.26
16806.5,10.937,-0.387,-4.23
16816.5,10.940,-0.364,-3.98
16826.5,10.939,-0.366,-4.00
16836.5,10.934,-0.388,-4.24
16846.5,10.937,-0.366,-4.00
16856.5,10.936,-0.365,-3.99
16866.5,10.936,-0.365,-3.99
16876.5,10.930,-0.388,-4.24
16886.5,10.930,-0.385,-4.20
16896.5,10.928,-0.386,-4.22
16906.5,10.927,-0.387,-4.22
16916.5,10.929,-0.367,-4.01
16926.5,10.929,-0.364,-3.98
16936.5,10.928,-0.368,-4.02
16946.5,10.927,-0.372,-4.06
16956.5,10.922,-0.389,-4.25
16966.5,10.921,-0.387,-4.23
16976.5,10.923,-0.368,-4.02
16986.5,10.922,-0.371,-4.05
16996.5,10.923,-0.368,-4.02
17006.5,10.917,-0.389,-4.25
17016.5,10.919,-0.368,-4.02
17026.5,10.913,-0.392,-4.27
17036.5,10.917,-0.367,-4.00
17046.5,10.911,-0.390,-4.26
17056.5,10.914,-0.370,-4.04
17066.5,10.913,-0.370,-4.03
17076.5,10.912,-0.370,-4.03
17086.5,10.911,-0.366,-4.00
17096.5,10.911,-0.368,-4.02
17106.5,10.909,-0.367,-4.00
17116.5,10.905,-0.383,-4.18
17126.5,10.907,-0.368,-4.02
17136.5,10.903,-0.389,-4.24
17146.5,10.901,-0.390,-4.25
17156.5,10.900,-0.393,-4.28
17166.5,10.903,-0.371,-4.05
17176.5,10.898,-0.389,-4.24
17186.5,10.892,-0.412,-4.48
17196.5,10.895,-0.387,-4.22
17206.5,10.895,-0.390,-4.25
17216.5,10.889,-0.408,-4.44
17226.5,10.891,-0.389,-4.24
17236.5,10.891,-0.390,-4.25
17246.5,10.890,-0.391,-4.26
17256.5,10.885,-0.407,-4.43
17266.5,10.888,-0.386,-4.20
17276.5,10.886,-0.389,-4.23
17286.5,10.885,-0.385,-4.19
17296.5,10.884,-0.386,-4.21
17306.5,10.879,-0.408,-4.44
17316.5,10.882,-0.389,-4.23
17326.5,10.876,-0.407,-4.42
17336.5,10.880,-0.386,-4.20
17346.5,10.878,-0.391,-4.25
17356.5,10.878,-0.388,-4.22
17366.5,10.875,-0.387,-4.21
17376.5,10.871,-0.411,-4.46
17386.5,10.870,-0.408,-4.44
17396.5,10.872,-0.388,-4.21
17406.5,10.868,-0.408,-4.44
17416.5,10.871,-0.388,-4.22
17426.5,10.869,-0.393,-4.28
17436.5,10.868,-0.388,-4.22
17446.5,10.867,-0.391,-4.25
17456.5,10.862,-0.410,-4.45
17466.5,10.861,-0.410,-4.45
17476.5,10.866,-0.387,-4.20
17486.5,10.859,-0.409,-4.44
17496.5,10.861,-0.392,-4.25
17506.5,10.860,-0.391,-4.24
17516.5,10.860,-0.388,-4.22
17526.5,10.858,-0.390,-4.23
17536.5,10.853,-0.413,-4.48
17546.5,10.852,-0.413,-4.48
17556.5,10.847,-0.425,-4.61
17566.5,10.854,-0.393,-4.27
17576.5,10.850,-0.401,-4.35
17586.5,10.852,-0.388,-4.21
17596.5,10.847,-0.406,-4.40
17606.5,10.849,-0.390,-4.24
17616.5,10.848,-0.387,-4.20
17626.5,10.848,-0.385,-4.17
17636.5,10.843,-0.403,-4.37
17646.5,10.845,-0.389,-4.22
17656.5,10.840,-0.411,-4.46
17666.5,10.842,-0.391,-4.24
17676.5,10.842,-0.392,-4.25
17686.5,10.839,-0.400,-4.33
17696.5,10.839,-0.391,-4.24
17706.5,10.839,-0.390,-4.22
17716.5,10.837,-0.397,-4.30
17726.5,10.836,-0.391,-4.23
17736.5,10.836,-0.389,-4.21
17746.5,10.834,-0.393,-4.25
17756.5,10.833,-0.389,-4.21
17766.5,10.833,-0.387,-4.19
17776.5,10.836,-0.367,-3.97
17786.5,10.835,-0.372,-4.03
17796.5,10.834,-0.370,-4.01
17806.5,10.832,-0.366,-3.97
17816.5,10.831,-0.373,-4.04
17826.5,10.830,-0.371,-4.02
17836.5,10.831,-0.366,-3.97
17846.5,10.825,-0.389,-4.22
17856.5,10.827,-0.375,-4.06
17866.5,10.824,-0.386,-4.18
17876.5,10.826,-0.368,-3.98
17886.5,10.821,-0.388,-4.20
17896.5,10.819,-0.393,-4.25
17906.5,10.823,-0.368,-3.98
17916.5,10.822,-0.369,-3.99
17926.5,10.821,-0.369,-3.99
17936.5,10.820,-0.373,-4.04
17946.5,10.819,-0.371,-4.01
17956.5,10.818,-0.371,-4.01
17966.5,10.816,-0.370,-4.01
17976.5,10.815,-0.368,-3.98
17986.5,10.814,-0.367,-3.97
17996.5,10.813,-0.367,-3.97
18006.5,10.812,-0.372,-4.02
18016.5,10.811,-0.368,-3.98
18026.5,10.811,-0.371,-4.01
18036.5,10.806,-0.391,-4.22
18046.5,10.809,-0.373,-4.04
18056.5,10.809,-0.369,-3.99
18066.5,10.807,-0.370,-3.99
18076.5,10.806,-0.374,-4.04
18086.5,10.805,-0.372,-4.02
18096.5,10.804,-0.370,-4.00
18106.5,10.803,-0.372,-4.02
18116.5,10.802,-0.371,-4.01
18126.5,10.801,-0.368,-3.97
18136.5,10.800,-0.372,-4.02
18146.5,10.798,-0.369,-3.99
18156.5,10.798,-0.369,-3.99
18166.5,10.796,-0.370,-4.00
18176.5,10.796,-0.371,-4.01
18186.5,10.795,-0.371,-4.00
18196.5,10.794,-0.372,-4.02
18206.5,10.794,-0.368,-3.97
18216.5,10.792,-0.367,-3.96
18226.5,10.786,-0.394,-4.25
18236.5,10.790,-0.373,-4.02
18246.5,10.789,-0.371,-4.01
18256.5,10.783,-0.390,-4.20
18266.5,10.787,-0.372,-4.01
18276.5,10.782,-0.392,-4.22
18286.5,10.785,-0.371,-4.00
18296.5,10.783,-0.373,-4.02
18306.5,10.782,-0.369,-3.97
18316.5,10.782,-0.373,-4.02
18326.5,10.781,-0.373,-4.02
18336.5,10.776,-0.391,-4.21
18346.5,10.779,-0.369,-3.97
18356.5,10.778,-0.371,-4.00
18366.5,10.776,-0.374,-4.03
18376.5,10.775,-0.373,-4.02
18386.5,10.774,-0.370,-3.99
18396.5,10.769,-0.394,-4.24
18406.5,10.772,-0.375,-4.04
18416.5,10.768,-0.390,-4.20
18426.5,10.771,-0.368,-3.96
18436.5,10.770,-0.370,-3.98
18446.5,10.765,-0.392,-4.22
18456.5,10.768,-0.368,-3.96
18466.5,10.767,-0.369,-3.97
18476.5,10.766,-0.373,-4.01
18486.5,10.764,-0.374,-4.03
18496.5,10.764,-0.370,-3.98
18506.5,10.762,-0.368,-3.96
18516.5,10.762,-0.374,-4.03
18526.5,10.762,-0.370,-3.98
18536.5,10.761,-0.369,-3.97
18546.5,10.760,-0.372,-4.00
18556.5,10.758,-0.374,-4.03
18566.5,10.758,-0.370,-3.98
18576.5,10.752,-0.396,-4.26
18586.5,10.755,-0.372,-4.01
18596.5,10.755,-0.371,-3.99
18606.5,10.749,-0.392,-4.21
18616.5,10.753,-0.373,-4.01
18626.5,10.750,-0.377,-4.05
18636.5,10.750,-0.373,-4.01
18646.5,10.745,-0.392,-4.21
18656.5,10.748,-0.371,-3.98
18666.5,10.743,-0.395,-4.24
18676.5,10.747,-0.368,-3.96
18686.5,10.740,-0.394,-4.23
18696.5,10.739,-0.392,-4.21
18706.5,10.743,-0.373,-4.01
18716.5,10.742,-0.369,-3.96
18726.5,10.741,-0.370,-3.98
18736.5,10.740,-0.378,-4.06
18746.5,10.739,-0.371,-3.98
18756.5,10.737,-0.369,-3.97
18766.5,10.736,-0.374,-4.01
18776.5,10.735,-0.375,-4.02
18786.5,10.735,-0.372,-3.99
18796.5,10.732,-0.377,-4.05
18806.5,10.733,-0.374,-4.02
18816.5,10.732,-0.374,-4.02
18826.5,10.730,-0.371,-3.98
18836.5,10.730,-0.371,-3.98
18846.5,10.729,-0.377,-4.04
18856.5,10.724,-0.395,-4.23
18866.5,10.725,-0.370,-3.97
18876.5,10.726,-0.375,-4.02
18886.5,10.724,-0.373,-4.00
18896.5,10.720,-0.391,-4.19
18906.5,10.723,-0.370,-3.97
18916.5,10.722,-0.373,-4.00
18926.5,10.717,-0.396,-4.25
18936.5,10.720,-0.371,-3.98
18946.5,10.719,-0.371,-3.97
18956.5,10.717,-0.378,-4.05
18966.5,10.717,-0.374,-4.01
18976.5,10.717,-0.370,-3.96
18986.5,10.714,-0.371,-3.97
18996.5,10.714,-0.375,-4.02
19006.5,10.714,-0.373,-4.00
19016.5,10.711,-0.372,-3.98
19026.5,10.710,-0.374,-4.00
19036.5,10.711,-0.374,-4.00
19046.5,10.705,-0.391,-4.18
19056.5,10.709,-0.373,-4.00
19066.5,10.707,-0.376,-4.03
19076.5,10.706,-0.375,-4.02
19086.5,10.705,-0.371,-3.97
19096.5,10.702,-0.388,-4.16
19106.5,10.702,-0.373,-3.99
19116.5,10.700,-0.371,-3.97
19126.5,10.701,-0.373,-3.99
19136.5,10.698,-0.383,-4.10
19146.5,10.698,-0.373,-3.99
19156.5,10.695,-0.394,-4.21
19166.5,10.696,-0.371,-3.97
19176.5,10.695,-0.375,-4.01
19186.5,10.695,-0.372,-3.97
19196.5,10.693,-0.374,-4.00
19206.5,10.693,-0.375,-4.01
19216.5,10.690,-0.375,-4.01
19226.5,10.690,-0.371,-3.97
19236.5,10.684,-0.393,-4.20
19246.5,10.687,-0.379,-4.05
19256.5,10.683,-0.395,-4.22
19266.5,10.685,-0.373,-3.99
19276.5,10.685,-0.373,-3.99
19286.5,10.682,-0.377,-4.03
19296.5,10.683,-0.371,-3.97
19306.5,10.683,-0.372,-3.97
19316.5,10.680,-0.376,-4.02
19326.5,10.678,-0.376,-4.02
19336.5,10.679,-0.375,-4.00
19346.5,10.676,-0.377,-4.03
19356.5,10.675,-0.376,-4.02
19366.5,10.671,-0.398,-4.25
19376.5,10.674,-0.375,-4.00
19386.5,10.673,-0.373,-3.98
19396.5,10.671,-0.375,-4.00
19406.5,10.670,-0.374,-3.99
19416.5,10.669,-0.374,-3.99
19426.5,10.664,-0.398,-4.25
19436.5,10.666,-0.375,-4.00
19446.5,10.662,-0.396,-4.22
19456.5,10.660,-0.397,-4.23
19466.5,10.660,-0.395,-4.21
19476.5,10.658,-0.396,-4.22
19486.5,10.657,-0.396,-4.22
19496.5,10.655,-0.397,-4.23
19506.5,10.654,-0.397,-4.23
19516.5,10.652,-0.398,-4.24
19526.5,10.650,-0.402,-4.28
19536.5,10.650,-0.398,-4.24
19546.5,10.649,-0.396,-4.21
19556.5,10.648,-0.400,-4.26
19566.5,10.646,-0.396,-4.22
19576.5,10.645,-0.395,-4.21
19586.5,10.644,-0.398,-4.23
19596.5,10.643,-0.396,-4.22
19606.5,10.642,-0.396,-4.21
19616.5,10.641,-0.397,-4.22
19626.5,10.639,-0.400,-4.26
19636.5,10.639,-0.398,-4.23
19646.5,10.637,-0.399,-4.24
19656.5,10.636,-0.398,-4.23
19666.5,10.635,-0.399,-4.25
19676.5,10.634,-0.397,-4.23
19686.5,10.631,-0.398,-4.23
19696.5,10.632,-0.398,-4.23
19706.5,10.630,-0.396,-4.21
19716.5,10.629,-0.398,-4.23
19726.5,10.627,-0.396,-4.21
19736.5,10.626,-0.395,-4.20
19746.5,10.626,-0.400,-4.26
19756.5,10.624,-0.397,-4.21
19766.5,10.623,-0.402,-4.27
19776.5,10.621,-0.398,-4.23
19786.5,10.620,-0.398,-4.22
19796.5,10.619,-0.396,-4.21
19806.5,10.618,-0.395,-4.20
19816.5,10.616,-0.397,-4.21
19826.5,10.614,-0.397,-4.21
19836.5,10.615,-0.398,-4.23
19846.5,10.613,-0.399,-4.24
19856.5,10.612,-0.396,-4.21
19866.5,10.610,-0.401,-4.25
19876.5,10.609,-0.397,-4.21
19886.5,10.608,-0.399,-4.23
19896.5,10.607,-0.399,-4.23
19906.5,10.605,-0.398,-4.22
19916.5,10.604,-0.399,-4.24
19926.5,10.602,-0.396,-4.20
19936.5,10.602,-0.399,-4.23
19946.5,10.600,-0.401,-4.25
19956.5,10.601,-0.394,-4.18
19966.5,10.599,-0.401,-4.25
19976.5,10.597,-0.397,-4.20
19986.5,10.595,-0.400,-4.24
19996.5,10.594,-0.398,-4.21
20006.5,10.594,-0.402,-4.26
20016.5,10.592,-0.396,-4.20
20026.5,10.591,-0.404,-4.28
20036.5,10.589,-0.397,-4.20
20046.5,10.590,-0.399,-4.22
20056.5,10.587,-0.399,-4.23
20066.5,10.586,-0.400,-4.24
20076.5,10.584,-0.401,-4.25
20086.5,10.583,-0.399,-4.22
20096.5,10.581,-0.403,-4.27
20106.5,10.580,-0.395,-4.18
20116.5,10.579,-0.400,-4.23
20126.5,10.577,-0.399,-4.22
20136.5,10.577,-0.399,-4.22
20146.5,10.576,-0.400,-4.23
20156.5,10.573,-0.397,-4.20
20166.5,10.572,-0.403,-4.26
20176.5,10.571,-0.396,-4.18
20186.5,10.570,-0.406,-4.29
20196.5,10.569,-0.399,-4.22
20206.5,10.568,-0.400,-4.23
20216.5,10.566,-0.399,-4.22
20226.5,10.565,-0.399,-4.22
20236.5,10.562,-0.400,-4.23
20246.5,10.561,-0.398,-4.20
20256.5,10.561,-0.399,-4.21
20266.5,10.560,-0.397,-4.20
20276.5,10.558,-0.399,-4.21
20286.5,10.557,-0.401,-4.24
20296.5,10.556,-0.397,-4.19
20306.5,10.555,-0.400,-4.22
20316.5,10.552,-0.401,-4.23
20326.5,10.551,-0.402,-4.24
20336.5,10.550,-0.399,-4.21
20346.5,10.548,-0.400,-4.22
20356.5,10.547,-0.402,-4.24
20366.5,10.545,-0.399,-4.20
20376.5,10.545,-0.399,-4.20
20386.5,10.543,-0.400,-4.21
20396.5,10.542,-0.402,-4.24
20406.5,10.541,-0.399,-4.20
20416.5,10.540,-0.404,-4.26
20426.5,10.538,-0.400,-4.21
20436.5,10.537,-0.401,-4.23
20446.5,10.535,-0.405,-4.27
20456.5,10.534,-0.401,-4.22
20466.5,10.532,-0.406,-4.28
20476.5,10.531,-0.398,-4.19
20486.5,10.530,-0.402,-4.24
20496.5,10.528,-0.404,-4.25
20506.5,10.527,-0.403,-4.24
20516.5,10.525,-0.401,-4.22
20526.5,10.523,-0.405,-4.26
20536.5,10.522,-0.400,-4.21
20546.5,10.523,-0.402,-4.23
20556.5,10.520,-0.403,-4.24
20566.5,10.518,-0.402,-4.23
20576.5,10.517,-0.403,-4.24
20586.5,10.516,-0.401,-4.22
20596.5,10.514,-0.404,-4.25
20606.5,10.512,-0.402,-4.22
20616.5,10.511,-0.401,-4.22
20626.5,10.511,-0.401,-4.22
20636.5,10.509,-0.403,-4.23
20646.5,10.507,-0.400,-4.21
20656.5,10.507,-0.401,-4.22
20666.5,10.505,-0.400,-4.20
20676.5,10.504,-0.402,-4.23
20686.5,10.503,-0.399,-4.19
20696.5,10.502,-0.403,-4.23
20706.5,10.499,-0.401,-4.21
20716.5,10.498,-0.401,-4.21
20726.5,10.498,-0.405,-4.25
20736.5,10.497,-0.399,-4.19
20746.5,10.496,-0.402,-4.22
20756.5,10.494,-0.407,-4.27
20766.5,10.493,-0.400,-4.19
20776.5,10.492,-0.403,-4.23
20786.5,10.490,-0.403,-4.23
20796.5,10.489,-0.408,-4.28
20806.5,10.489,-0.402,-4.22
20816.5,10.487,-0.402,-4.22
20826.5,10.485,-0.402,-4.21
20836.5,10.485,-0.404,-4.23
20846.5,10.484,-0.400,-4.20
20856.5,10.483,-0.403,-4.22
20866.5,10.481,-0.402,-4.22
20876.5,10.480,-0.405,-4.24
20886.5,10.480,-0.400,-4.20
20896.5,10.478,-0.401,-4.20
20906.5,10.477,-0.403,-4.22
20916.5,10.476,-0.404,-4.23
20926.5,10.475,-0.402,-4.21
20936.5,10.473,-0.404,-4.23
20946.5,10.472,-0.403,-4.22
20956.5,10.470,-0.402,-4.21
20966.5,10.469,-0.402,-4.21
20976.5,10.469,-0.404,-4.23
20986.5,10.467,-0.402,-4.20
20996.5,10.467,-0.403,-4.21
21006.5,10.465,-0.407,-4.26
21016.5,10.464,-0.402,-4.20
21026.5,10.463,-0.403,-4.22
21036.5,10.462,-0.402,-4.20
21046.5,10.462,-0.407,-4.26
21056.5,10.461,-0.403,-4.21
21066.5,10.459,-0.403,-4.21
21076.5,10.458,-0.403,-4.22
21086.5,10.458,-0.402,-4.20
21096.5,10.457,-0.406,-4.25
21106.5,10.456,-0.400,-4.18
21116.5,10.453,-0.410,-4.29
21126.5,10.454,-0.404,-4.23
21136.5,10.452,-0.400,-4.18
21146.5,10.452,-0.404,-4.23
21156.5,10.449,-0.405,-4.23
21166.5,10.449,-0.400,-4.18
21176.5,10.448,-0.404,-4.23
21186.5,10.446,-0.405,-4.23
21196.5,10.446,-0.404,-4.23
21206.5,10.444,-0.402,-4.20
21216.5,10.444,-0.404,-4.22
21226.5,10.444,-0.406,-4.24
21236.5,10.441,-0.401,-4.19
21246.5,10.441,-0.403,-4.21
21256.5,10.440,-0.403,-4.20
21266.5,10.439,-0.404,-4.22
21276.5,10.438,-0.402,-4.20
21286.5,10.437,-0.403,-4.21
21296.5,10.437,-0.406,-4.23
21306.5,10.434,-0.407,-4.24
21316.5,10.434,-0.403,-4.20
21326.5,10.434,-0.404,-4.21
21336.5,10.432,-0.403,-4.21
21346.5,10.431,-0.406,-4.23
21356.5,10.430,-0.405,-4.23
21366.5,10.428,-0.407,-4.24
21376.5,10.428,-0.407,-4.24
21386.5,10.427,-0.404,-4.22
21396.5,10.426,-0.405,-4.22
21406.5,10.424,-0.403,-4.20
21416.5,10.424,-0.402,-4.19
21426.5,10.423,-0.404,-4.21
21436.5,10.422,-0.406,-4.23
21446.5,10.420,-0.405,-4.22
21456.5,10.420,-0.403,-4.19
21466.5,10.419,-0.408,-4.25
21476.5,10.418,-0.403,-4.20
21486.5,10.416,-0.403,-4.20
21496.5,10.416,-0.403,-4.20
21506.5,10.415,-0.411,-4.29
21516.5,10.414,-0.408,-4.25
21526.5,10.413,-0.406,-4.23
21536.5,10.412,-0.406,-4.23
21546.5,10.411,-0.404,-4.20
21556.5,10.410,-0.404,-4.21
21566.5,10.408,-0.407,-4.24
21576.5,10.407,-0.404,-4.20
21586.5,10.407,-0.407,-4.23
21596.5,10.405,-0.407,-4.23
21606.5,10.404,-0.405,-4.21
21616.5,10.403,-0.405,-4.21
21626.5,10.402,-0.408,-4.24
21636.5,10.400,-0.407,-4.23
21646.5,10.399,-0.407,-4.23
21656.5,10.399,-0.407,-4.23
21666.5,10.396,-0.405,-4.21
21676.5,10.396,-0.406,-4.22
21686.5,10.396,-0.405,-4.21
21696.5,10.393,-0.408,-4.24
21706.5,10.393,-0.405,-4.21
21716.5,10.391,-0.409,-4.25
21726.5,10.390,-0.406,-4.22
21736.5,10.389,-0.405,-4.21
21746.5,10.388,-0.408,-4.24
21756.5,10.387,-0.403,-4.19
21766.5,10.385,-0.404,-4.20
21776.5,10.385,-0.413,-4.29
21786.5,10.382,-0.404,-4.19
21796.5,10.382,-0.407,-4.22
21806.5,10.380,-0.408,-4.23
21816.5,10.379,-0.405,-4.21
21826.5,10.379,-0.404,-4.19
21836.5,10.377,-0.408,-4.23
21846.5,10.375,-0.406,-4.22
21856.5,10.375,-0.406,-4.21
21866.5,10.374,-0.408,-4.23
21876.5,10.372,-0.409,-4.25
21886.5,10.371,-0.408,-4.23
21896.5,10.369,-0.406,-4.21
21906.5,10.369,-0.408,-4.23
21916.5,10.367,-0.409,-4.24
21926.5,10.365,-0.405,-4.20
21936.5,10.364,-0.405,-4.20
21946.5,10.363,-0.410,-4.25
21956.5,10.362,-0.412,-4.27
21966.5,10.359,-0.411,-4.25
21976.5,10.358,-0.409,-4.24
21986.5,10.356,-0.407,-4.21
21996.5,10.355,-0.416,-4.31
22006.5,10.353,-0.408,-4.23
22016.5,10.350,-0.405,-4.20
22026.5,10.349,-0.406,-4.21
22036.5,10.348,-0.409,-4.24
22046.5,10.345,-0.406,-4.20
22056.5,10.345,-0.409,-4.23
22066.5,10.343,-0.411,-4.25
22076.5,10.341,-0.406,-4.20
22086.5,10.339,-0.407,-4.20
22096.5,10.337,-0.405,-4.19
22106.5,10.336,-0.410,-4.24
22116.5,10.332,-0.406,-4.19
22126.5,10.331,-0.408,-4.22
22136.5,10.329,-0.406,-4.19
22146.5,10.328,-0.411,-4.25
22156.5,10.325,-0.410,-4.23
22166.5,10.324,-0.408,-4.22
22176.5,10.321,-0.411,-4.25
22186.5,10.319,-0.407,-4.20
22196.5,10.317,-0.406,-4.18
22206.5,10.314,-0.406,-4.18
22216.5,10.312,-0.412,-4.25
22226.5,10.309,-0.407,-4.20
22236.5,10.306,-0.412,-4.25
22246.5,10.304,-0.410,-4.22
22256.5,10.302,-0.413,-4.25
22266.5,10.300,-0.407,-4.19
22276.5,10.297,-0.410,-4.22
22286.5,10.294,-0.408,-4.20
22296.5,10.292,-0.413,-4.25
22306.5,10.289,-0.410,-4.21
22316.5,10.288,-0.408,-4.20
22326.5,10.284,-0.407,-4.18
22336.5,10.282,-0.410,-4.21
22346.5,10.274,-0.432,-4.43
22356.5,10.270,-0.429,-4.41
22366.5,10.268,-0.431,-4.43
22376.5,10.265,-0.431,-4.42
22386.5,10.261,-0.430,-4.41
22396.5,10.258,-0.430,-4.41
22406.5,10.256,-0.429,-4.40
22416.5,10.251,-0.430,-4.41
22426.5,10.249,-0.434,-4.44
22436.5,10.245,-0.430,-4.40
22446.5,10.243,-0.430,-4.40
22456.5,10.239,-0.430,-4.40
22466.5,10.234,-0.432,-4.42
22476.5,10.232,-0.430,-4.40
22486.5,10.229,-0.433,-4.43
22496.5,10.226,-0.433,-4.43
22506.5,10.223,-0.437,-4.47
22516.5,10.219,-0.434,-4.43
22526.5,10.216,-0.433,-4.42
22536.5,10.213,-0.430,-4.40
22546.5,10.210,-0.433,-4.42
22556.5,10.207,-0.433,-4.42
22566.5,10.202,-0.434,-4.42
22576.5,10.199,-0.434,-4.43
22586.5,10.196,-0.434,-4.42
22596.5,10.193,-0.433,-4.41
22606.5,10.189,-0.431,-4.39
22616.5,10.185,-0.432,-4.40
22626.5,10.182,-0.435,-4.43
22636.5,10.178,-0.431,-4.38
22646.5,10.175,-0.434,-4.42
22656.5,10.172,-0.437,-4.44
22666.5,10.168,-0.433,-4.40
22676.5,10.166,-0.435,-4.43
22686.5,10.161,-0.432,-4.39
22696.5,10.159,-0.435,-4.42
22706.5,10.155,-0.433,-4.40
22716.5,10.151,-0.433,-4.40
22726.5,10.147,-0.434,-4.40
22736.5,10.144,-0.435,-4.41
22746.5,10.141,-0.439,-4.45
22756.5,10.137,-0.434,-4.40
22766.5,10.134,-0.438,-4.44
22776.5,10.131,-0.436,-4.42
22786.5,10.128,-0.433,-4.38
22796.5,10.125,-0.440,-4.46
22806.5,10.122,-0.437,-4.42
22816.5,10.118,-0.433,-4.38
22826.5,10.115,-0.438,-4.43
22836.5,10.112,-0.437,-4.42
22846.5,10.109,-0.433,-4.38
22856.5,10.106,-0.434,-4.38
22866.5,10.103,-0.436,-4.40
22876.5,10.100,-0.437,-4.41
22886.5,10.098,-0.437,-4.41
22896.5,10.095,-0.439,-4.43
22906.5,10.091,-0.437,-4.41
22916.5,10.088,-0.435,-4.39
22926.5,10.087,-0.437,-4.41
22936.5,10.082,-0.438,-4.42
22946.5,10.085,-0.415,-4.19
22956.5,10.083,-0.418,-4.21
22966.5,10.080,-0.417,-4.21
22976.5,10.077,-0.419,-4.22
22986.5,10.075,-0.418,-4.21
22996.5,10.073,-0.417,-4.20
23006.5,10.071,-0.416,-4.19
23016.5,10.068,-0.415,-4.18
23026.5,10.067,-0.418,-4.21
23036.5,10.064,-0.418,-4.21
23046.5,10.061,-0.416,-4.18
23056.5,10.059,-0.415,-4.18
23066.5,10.057,-0.417,-4.20
23076.5,10.054,-0.419,-4.22
23086.5,10.051,-0.416,-4.18
23096.5,10.048,-0.422,-4.24
23106.5,10.047,-0.420,-4.22
23116.5,10.045,-0.416,-4.18
23126.5,10.042,-0.418,-4.20
23136.5,10.038,-0.423,-4.24
23146.5,10.036,-0.418,-4.19
23156.5,10.034,-0.419,-4.20
23166.5,10.031,-0.420,-4.21
23176.5,10.030,-0.417,-4.18
23186.5,10.028,-0.417,-4.19
23196.5,10.025,-0.420,-4.21
23206.5,10.022,-0.419,-4.20
23216.5,10.020,-0.418,-4.19
23226.5,10.018,-0.420,-4.21
23236.5,10.016,-0.420,-4.21
23246.5,10.013,-0.420,-4.21
23256.5,10.011,-0.421,-4.22
23266.5,10.008,-0.420,-4.20
23276.5,10.006,-0.423,-4.23
23286.5,10.004,-0.419,-4.19
23296.5,10.001,-0.420,-4.20
23306.5,9.999,-0.421,-4.21
23316.5,9.997,-0.419,-4.19
23326.5,9.994,-0.418,-4.18
23336.5,9.992,-0.421,-4.20
23346.5,9.990,-0.423,-4.22
23356.5,9.986,-0.422,-4.22
23366.5,9.985,-0.421,-4.20
23376.5,9.983,-0.423,-4.22
23386.5,9.981,-0.422,-4.22
23396.5,9.978,-0.424,-4.23
23406.5,9.976,-0.421,-4.20
23416.5,9.975,-0.423,-4.22
23426.5,9.972,-0.420,-4.19
23436.5,9.970,-0.419,-4.18
23446.5,9.969,-0.418,-4.16
23456.5,9.965,-0.423,-4.22
23466.5,9.962,-0.420,-4.19
23476.5,9.961,-0.418,-4.16
23486.5,9.957,-0.422,-4.21
23496.5,9.956,-0.420,-4.18
23506.5,9.954,-0.418,-4.16
23516.5,9.952,-0.421,-4.19
23526.5,9.949,-0.431,-4.29
23536.5,9.946,-0.422,-4.20
23546.5,9.944,-0.421,-4.19
23556.5,9.942,-0.423,-4.20
23566.5,9.940,-0.425,-4.22
23576.5,9.937,-0.422,-4.19
23586.5,9.935,-0.423,-4.20
23596.5,9.933,-0.422,-4.19
23606.5,9.930,-0.420,-4.18
23616.5,9.928,-0.423,-4.20
23626.5,9.926,-0.422,-4.19
23636.5,9.923,-0.423,-4.20
23646.5,9.922,-0.424,-4.21
23656.5,9.918,-0.422,-4.19
23666.5,9.916,-0.423,-4.19
23676.5,9.913,-0.421,-4.18
23686.5,9.912,-0.421,-4.18
23696.5,9.909,-0.422,-4.19
23706.5,9.907,-0.424,-4.20
23716.5,9.904,-0.423,-4.19
23726.5,9.903,-0.422,-4.18
23736.5,9.899,-0.424,-4.20
23746.5,9.897,-0.426,-4.22
23756.5,9.896,-0.422,-4.18
23766.5,9.892,-0.427,-4.22
23776.5,9.890,-0.423,-4.18
23786.5,9.887,-0.425,-4.20
23796.5,9.884,-0.424,-4.19
23806.5,9.882,-0.421,-4.16
23816.5,9.879,-0.426,-4.21
23826.5,9.878,-0.422,-4.17
23836.5,9.875,-0.425,-4.19
23846.5,9.872,-0.424,-4.18
23856.5,9.870,-0.424,-4.19
23866.5,9.867,-0.430,-4.24
23876.5,9.865,-0.423,-4.18
23886.5,9.862,-0.422,-4.16
23896.5,9.860,-0.425,-4.19
23906.5,9.857,-0.430,-4.24
23916.5,9.854,-0.424,-4.18
23926.5,9.852,-0.426,-4.19
23936.5,9.850,-0.429,-4.22
23946.5,9.846,-0.431,-4.24
23956.5,9.844,-0.424,-4.17
23966.5,9.843,-0.424,-4.18
23976.5,9.840,-0.423,-4.16
23986.5,9.837,-0.428,-4.21
23996.5,9.835,-0.427,-4.20
24006.5,9.832,-0.426,-4.18
24016.5,9.830,-0.428,-4.21
24026.5,9.827,-0.430,-4.22
24036.5,9.823,-0.426,-4.19
24046.5,9.823,-0.425,-4.18
24056.5,9.819,-0.431,-4.23
24066.5,9.815,-0.423,-4.16
24076.5,9.814,-0.426,-4.18
24086.5,9.811,-0.432,-4.23
24096.5,9.808,-0.425,-4.17
24106.5,9.806,-0.425,-4.17
24116.5,9.803,-0.427,-4.18
24126.5,9.801,-0.428,-4.20
24136.5,9.797,-0.426,-4.17
24146.5,9.796,-0.428,-4.19
24156.5,9.794,-0.428,-4.20
24166.5,9.789,-0.429,-4.20
24176.5,9.787,-0.426,-4.17
24186.5,9.786,-0.431,-4.22
24196.5,9.784,-0.429,-4.20
24206.5,9.779,-0.427,-4.18
24216.5,9.776,-0.426,-4.17
24226.5,9.774,-0.430,-4.20
24236.5,9.772,-0.431,-4.21
24246.5,9.769,-0.428,-4.18
24256.5,9.765,-0.428,-4.18
24266.5,9.764,-0.429,-4.19
24276.5,9.762,-0.430,-4.20
24286.5,9.758,-0.426,-4.16
24296.5,9.755,-0.428,-4.18
24306.5,9.753,-0.429,-4.18
24316.5,9.748,-0.430,-4.19
24326.5,9.747,-0.428,-4.17
24336.5,9.744,-0.430,-4.19
24346.5,9.741,-0.428,-4.16
24356.5,9.738,-0.427,-4.16
24366.5,9.736,-0.432,-4.21
24376.5,9.733,-0.432,-4.20
24386.5,9.729,-0.430,-4.18
24396.5,9.726,-0.429,-4.18
24406.5,9.725,-0.432,-4.20
24416.5,9.722,-0.431,-4.19
24426.5,9.719,-0.429,-4.17
24436.5,9.718,-0.429,-4.17
24446.5,9.714,-0.430,-4.18
24456.5,9.711,-0.429,-4.16
24466.5,9.708,-0.432,-4.20
24476.5,9.705,-0.432,-4.20
24486.5,9.703,-0.432,-4.19
24496.5,9.700,-0.434,-4.21
24506.5,9.697,-0.433,-4.19
24516.5,9.695,-0.434,-4.20
24526.5,9.692,-0.433,-4.20
24536.5,9.689,-0.429,-4.16
24546.5,9.685,-0.433,-4.19
24556.5,9.682,-0.428,-4.15
24566.5,9.679,-0.432,-4.18
24576.5,9.677,-0.434,-4.20
24586.5,9.674,-0.436,-4.22
24596.5,9.671,-0.431,-4.17
24606.5,9.669,-0.433,-4.19
24616.5,9.665,-0.433,-4.18
24626.5,9.662,-0.435,-4.20
24636.5,9.661,-0.431,-4.17
24646.5,9.656,-0.432,-4.17
24656.5,9.654,-0.432,-4.17
24666.5,9.651,-0.433,-4.18
24676.5,9.648,-0.436,-4.21
24686.5,9.646,-0.435,-4.20
24696.5,9.643,-0.437,-4.22
24706.5,9.639,-0.432,-4.16
24716.5,9.637,-0.432,-4.16
24726.5,9.635,-0.432,-4.17
24736.5,9.630,-0.434,-4.18
24746.5,9.627,-0.433,-4.17
24756.5,9.625,-0.434,-4.17
24766.5,9.621,-0.433,-4.17
24776.5,9.619,-0.432,-4.16
24786.5,9.616,-0.433,-4.16
24796.5,9.613,-0.434,-4.18
24806.5,9.610,-0.437,-4.20
24816.5,9.609,-0.433,-4.16
24826.5,9.605,-0.437,-4.20
24836.5,9.602,-0.438,-4.21
24846.5,9.599,-0.436,-4.19
24856.5,9.596,-0.437,-4.19
24866.5,9.593,-0.436,-4.18
# 24866.5 shutdown: v_bus < 9.6 V in 3 consecutive readings
# stop 24866.7
