# sniff_stats mon0, filter ''; separator ';', integers only, time ISO 8601
time;t_s;packets;bytes;pps;bps;avg_B;TCP;UDP;ICMP;ICMPv6;ARP;other
2026-10-08T13:58:43+02:00;1;0;0;0;0;0;0;0;0;0;0;0
2026-10-08T13:58:44+02:00;2;12;3244;12;25952;270;0;2;0;0;0;10
2026-10-08T13:58:45+02:00;3;8;480;8;3840;60;0;0;0;0;0;8
2026-10-08T13:58:46+02:00;4;9;540;9;4320;60;0;0;0;0;0;9
2026-10-08T13:58:47+02:00;5;9;540;9;4320;60;0;0;0;0;0;9
2026-10-08T13:58:48+02:00;6;19;4070;19;32560;214;0;2;0;7;1;9
2026-10-08T13:58:49+02:00;7;13;1826;13;14608;140;0;2;0;2;1;8
2026-10-08T13:58:50+02:00;8;11;710;11;5680;65;0;1;0;0;1;9
2026-10-08T13:58:51+02:00;9;9;1035;9;8280;115;0;1;0;0;0;8
2026-10-08T13:58:52+02:00;10;12;3232;12;25856;269;0;2;0;0;0;10
2026-10-08T13:58:53+02:00;11;8;480;8;3840;60;0;0;0;0;0;8
2026-10-08T13:58:54+02:00;12;9;540;9;4320;60;0;0;0;0;0;9
2026-10-08T13:58:55+02:00;13;8;480;8;3840;60;0;0;0;0;0;8
2026-10-08T13:58:56+02:00;14;11;3172;11;25376;288;0;2;0;0;0;9
2026-10-08T13:58:57+02:00;15;17;1548;17;12384;91;0;0;0;8;0;9
2026-10-08T13:58:58+02:00;16;10;650;10;5200;65;0;0;0;1;0;9
2026-10-08T13:58:59+02:00;17;8;480;8;3840;60;0;0;0;0;0;8
2026-10-08T13:59:00+02:00;18;11;3172;11;25376;288;0;2;0;0;0;9
2026-10-08T13:59:01+02:00;19;13;981;13;7848;75;0;5;0;0;0;8
2026-10-08T13:59:02+02:00;20;17;1196;17;9568;70;0;8;0;0;0;9
2026-10-08T13:59:03+02:00;21;20;1464;20;11712;73;0;12;0;0;0;8
2026-10-08T13:59:04+02:00;22;27;4484;27;35872;166;0;18;0;0;0;9
2026-10-08T13:59:05+02:00;23;20;1464;20;11712;73;0;12;0;0;0;8
2026-10-08T13:59:06+02:00;24;21;1684;21;13472;80;0;8;0;4;0;9
2026-10-08T13:59:07+02:00;25;20;2011;20;16088;101;0;9;0;2;0;9
2026-10-08T13:59:08+02:00;26;11;3172;11;25376;288;0;2;0;0;0;9
2026-10-08T13:59:09+02:00;27;8;480;8;3840;60;0;0;0;0;0;8
2026-10-08T13:59:10+02:00;28;9;540;9;4320;60;0;0;0;0;0;9
2026-10-08T13:59:11+02:00;29;8;480;8;3840;60;0;0;0;0;0;8
2026-10-08T13:59:12+02:00;30;17;3664;17;29312;216;0;8;0;0;0;9
2026-10-08T13:59:13+02:00;31;21;1536;21;12288;73;0;12;0;0;0;9
2026-10-08T13:59:14+02:00;32;26;1954;26;15632;75;0;17;0;0;0;9
2026-10-08T13:59:15+02:00;33;31;2624;31;20992;85;0;18;0;6;0;7
2026-10-08T13:59:16+02:00;34;27;4606;27;36848;171;0;14;0;3;0;10
2026-10-08T13:59:17+02:00;35;18;1388;18;11104;77;0;8;0;0;0;10
2026-10-08T13:59:18+02:00;36;15;2046;15;16368;136;0;6;0;0;0;9
2026-10-08T13:59:19+02:00;37;10;1486;10;11888;149;0;2;0;0;0;8
2026-10-08T13:59:20+02:00;38;11;3172;11;25376;288;0;2;0;0;0;9
2026-10-08T13:59:21+02:00;39;10;1486;10;11888;149;0;2;0;0;0;8
2026-10-08T13:59:22+02:00;40;10;600;10;4800;60;0;0;0;0;0;10
2026-10-08T13:59:23+02:00;41;9;1035;9;8280;115;0;1;0;0;0;8
2026-10-08T13:59:24+02:00;42;18;4070;18;32560;226;0;2;0;7;0;9
2026-10-08T13:59:25+02:00;43;12;1706;12;13648;142;0;2;0;2;0;8
2026-10-08T13:59:26+02:00;44;9;540;9;4320;60;0;0;0;0;0;9
2026-10-08T13:59:27+02:00;45;9;540;9;4320;60;0;0;0;0;0;9
2026-10-08T13:59:28+02:00;46;11;3172;11;25376;288;0;2;0;0;0;9
2026-10-08T13:59:29+02:00;47;8;480;8;3840;60;0;0;0;0;0;8
2026-10-08T13:59:30+02:00;48;9;540;9;4320;60;0;0;0;0;0;9
2026-10-08T13:59:31+02:00;49;8;480;8;3840;60;0;0;0;0;0;8
2026-10-08T13:59:32+02:00;50;19;4110;19;32880;216;0;2;0;7;0;10
2026-10-08T13:59:33+02:00;51;12;1726;12;13808;144;0;2;0;2;0;8
2026-10-08T13:59:34+02:00;52;9;540;9;4320;60;0;0;0;0;0;9
2026-10-08T13:59:35+02:00;53;10;644;10;5152;64;0;2;0;0;0;8
2026-10-08T13:59:36+02:00;54;19;3828;19;30624;201;0;10;0;0;0;9
2026-10-08T13:59:37+02:00;55;19;1316;19;10528;69;0;8;0;0;2;9
2026-10-08T13:59:38+02:00;56;27;2467;27;19736;91;0;17;0;0;1;9
2026-10-08T13:59:39+02:00;57;24;1792;24;14336;75;0;16;0;0;0;8
2026-10-08T13:59:40+02:00;58;19;3828;19;30624;201;0;10;0;0;0;9
2026-10-08T13:59:41+02:00;59;16;1136;16;9088;71;0;8;0;0;0;8
2026-10-08T13:59:42+02:00;60;20;1822;20;14576;91;0;2;0;9;0;9
2026-10-08T13:59:43+02:00;61;9;552;9;4416;61;0;0;0;0;0;9
2026-10-08T13:59:44+02:00;62;11;3172;11;25376;288;0;2;0;0;0;9
2026-10-08T13:59:45+02:00;63;8;480;8;3840;60;0;0;0;0;0;8
2026-10-08T13:59:46+02:00;64;9;540;9;4320;60;0;0;0;0;0;9
2026-10-08T13:59:47+02:00;65;16;1092;16;8736;68;0;6;0;0;1;9
2026-10-08T13:59:48+02:00;66;28;4544;28;36352;162;0;18;0;0;1;9
2026-10-08T13:59:49+02:00;67;29;3022;29;24176;104;0;20;0;0;1;8
2026-10-08T13:59:50+02:00;68;25;1852;25;14816;74;0;16;0;0;0;9
2026-10-08T13:59:51+02:00;69;20;1464;20;11712;73;0;12;0;0;0;8
2026-10-08T13:59:52+02:00;70;21;4324;21;34592;206;0;4;0;8;0;9
2026-10-08T13:59:53+02:00;71;10;1165;10;9320;116;0;1;0;1;0;8
2026-10-08T13:59:54+02:00;72;9;540;9;4320;60;0;0;0;0;0;9
2026-10-08T13:59:55+02:00;73;8;480;8;3840;60;0;0;0;0;0;8
2026-10-08T13:59:56+02:00;74;11;3172;11;25376;288;0;2;0;0;0;9
2026-10-08T13:59:57+02:00;75;10;600;10;4800;60;0;0;0;0;1;9
2026-10-08T13:59:58+02:00;76;11;660;11;5280;60;0;0;0;0;1;10
2026-10-08T13:59:59+02:00;77;9;540;9;4320;60;0;0;0;0;1;8
2026-10-08T14:00:00+02:00;78;18;4050;18;32400;225;0;2;0;7;0;9
2026-10-08T14:00:01+02:00;79;11;893;11;7144;81;0;1;0;2;0;8
2026-10-08T14:00:02+02:00;80;8;480;8;3840;60;0;0;0;0;0;8
2026-10-08T14:00:03+02:00;81;9;540;9;4320;60;0;0;0;0;0;9
